Age,StudyHours,Attendance,Assignments,InternetAccess,Extracurricular,StressLevel,Motivation,ExamScore
21,1.9,83.6,39.4,Yes,No,Medium,High,87.9
18,5.4,89.8,47.3,Yes,Yes,Low,Low,82.2
19,8.7,62.5,85.5,Yes,No,Medium,High,92.9
21,7.3,81.2,34.0,Yes,Yes,Medium,Medium,80.8
17,8.1,78.6,87.0,Yes,No,Low,Low,95.2
22,6.6,91.6,8.8,Yes,Yes,High,Medium,73.6
19,6.9,95.3,77.7,Yes,Yes,Medium,High,100.0
19,8.5,50.6,84.8,Yes,Yes,High,High,74.4
21,2.5,83.7,18.2,Yes,Yes,Medium,Low,54.6
16,4.9,52.6,43.0,Yes,Yes,Medium,Low,69.3
17,2.2,77.4,16.5,Yes,Yes,Medium,Medium,70.9
21,9.9,64.4,70.7,Yes,Yes,Medium,Medium,95.3
17,9.4,65.3,53.5,Yes,Yes,High,High,98.0
17,0.4,67.6,63.5,Yes,Yes,Low,Low,59.3
22,7.1,81.1,19.6,Yes,Yes,High,High,86.4
19,9.3,66.7,21.2,No,Yes,High,Medium,56.3
18,1.8,86.6,4.1,Yes,Yes,Medium,High,82.8
22,5.7,70.2,32.2,Yes,No,High,Medium,49.6
22,9.2,53.4,56.0,Yes,Yes,Medium,Medium,78.2
17,0.3,89.2,85.8,Yes,No,High,High,72.8
20,7.0,64.3,66.7,Yes,Yes,Medium,Medium,79.5
19,3.0,71.6,43.5,Yes,No,Low,High,76.3
16,9.2,84.3,95.3,No,Yes,High,High,80.5
22,9.7,66.6,71.9,Yes,Yes,Medium,Medium,94.2
18,9.4,52.8,93.0,Yes,Yes,Medium,Medium,78.5
20,4.7,68.7,52.8,Yes,Yes,Medium,Low,71.5
20,8.6,97.2,25.9,Yes,Yes,Low,Low,95.2
16,8.4,82.1,5.3,No,Yes,Medium,Medium,72.9
22,3.2,83.6,72.6,Yes,No,High,Low,59.6
18,8.3,81.6,12.1,Yes,Yes,Low,Medium,88.3
19,0.4,59.9,30.3,Yes,Yes,Low,Medium,53.6
15,6.0,70.9,53.2,Yes,No,Low,Medium,94.4
18,2.3,87.5,56.4,Yes,Yes,Medium,Medium,66.3
16,1.2,55.1,60.1,Yes,No,Medium,Low,52.6
20,0.8,63.9,16.6,Yes,Yes,Medium,Low,54.9
19,7.0,63.8,38.0,Yes,No,High,Medium,72.1
18,3.4,71.6,61.7,Yes,Yes,Medium,Medium,72.2
15,7.2,99.0,97.0,Yes,No,Low,Medium,100.0
15,0.7,53.4,72.8,Yes,No,High,Medium,53.2
17,3.2,75.9,92.3,Yes,Yes,Medium,High,91.9
17,5.4,59.0,76.2,Yes,Yes,Medium,Medium,79.0
21,7.9,98.5,59.2,Yes,Yes,Medium,Medium,75.8
16,3.2,55.7,19.2,Yes,No,High,High,53.5
22,6.3,70.2,66.7,Yes,Yes,Medium,High,90.4
18,8.9,86.9,62.3,No,Yes,Medium,Medium,92.6
18,6.2,85.2,60.2,Yes,Yes,Medium,Medium,92.1
22,2.3,71.1,49.0,Yes,Yes,Low,Low,77.3
21,0.2,67.3,52.9,Yes,Yes,Medium,Medium,63.4
20,8.7,69.9,33.4,Yes,No,Medium,High,76.8
20,0.2,63.2,51.9,Yes,Yes,Low,Medium,71.6
21,8.7,60.3,19.8,No,No,Low,High,78.5
20,5.3,74.2,80.5,Yes,Yes,Low,Medium,88.7
17,9.4,63.4,18.6,No,Yes,Medium,High,73.6
18,8.0,64.4,8.5,Yes,Yes,High,Medium,53.1
21,10.0,82.8,43.6,Yes,Yes,High,Low,73.5
18,3.5,98.4,65.8,Yes,No,Medium,Medium,91.9
22,7.7,80.2,43.8,Yes,No,Medium,Medium,83.2
15,4.0,53.8,27.7,Yes,Yes,High,Low,53.9
17,4.8,53.8,55.8,No,Yes,Low,High,68.9
19,6.3,97.6,34.7,No,Yes,Medium,Medium,76.2
17,8.7,64.9,93.3,No,No,Medium,High,87.3
21,9.8,54.6,92.3,Yes,No,Low,Medium,91.2
19,7.7,80.0,50.2,Yes,No,High,Low,66.8
15,4.2,81.2,32.8,Yes,Yes,High,High,66.4
21,4.2,82.4,73.7,Yes,Yes,Low,Medium,86.9
16,7.4,63.4,3.7,Yes,Yes,Low,Medium,82.2
18,2.4,50.8,47.5,Yes,Yes,Low,Medium,61.9
15,1.1,98.3,33.6,Yes,Yes,Medium,Medium,68.6
18,3.5,62.5,92.1,Yes,Yes,Medium,High,75.8
20,2.9,83.8,1.2,Yes,Yes,Medium,Medium,63.1
16,3.0,85.3,55.3,Yes,No,Low,Medium,79.5
16,2.3,80.5,74.1,Yes,No,High,High,69.1
15,0.4,65.6,48.5,Yes,Yes,Medium,Low,50.4
16,0.2,63.6,8.5,Yes,Yes,Low,Medium,55.4
19,9.9,79.9,97.2,Yes,Yes,Medium,High,100.0
16,4.3,93.3,51.8,Yes,No,Medium,Medium,76.4
18,3.8,97.3,61.4,Yes,No,Medium,High,81.2
18,6.8,55.3,23.7,Yes,No,Low,Medium,63.6
21,2.2,57.7,48.3,Yes,No,Low,High,74.4
18,9.5,97.2,42.9,Yes,Yes,High,High,100.0
21,7.9,86.8,7.5,Yes,Yes,High,Medium,71.9
18,0.9,94.1,10.6,Yes,Yes,Medium,Low,50.4
19,4.2,60.1,83.7,Yes,Yes,Medium,Medium,76.5
22,8.8,79.4,24.0,Yes,No,Medium,High,90.7
21,9.4,85.1,19.5,Yes,Yes,Medium,Medium,79.7
17,4.7,84.0,50.5,Yes,Yes,Medium,Low,57.2
20,6.1,70.4,76.9,Yes,Yes,High,Medium,79.9
15,1.7,50.8,6.2,Yes,No,Medium,High,49.9
18,9.9,79.1,57.7,Yes,Yes,Medium,Medium,82.9
16,2.3,62.7,11.9,Yes,No,Medium,Medium,55.9
22,9.4,72.5,3.6,Yes,Yes,High,Low,67.1
18,6.5,97.9,5.3,No,Yes,Medium,Medium,80.3
16,6.1,70.0,83.4,Yes,Yes,Low,Low,83.5
20,5.1,92.0,11.8,Yes,No,Medium,Low,66.8
20,2.3,59.4,4.5,Yes,Yes,Medium,High,69.5
20,1.8,83.6,43.8,Yes,No,Medium,High,83.1
16,2.2,98.9,84.4,Yes,Yes,Medium,Low,76.9
18,1.9,55.1,26.2,Yes,Yes,High,Low,42.0
20,7.8,50.4,42.2,Yes,No,Medium,Medium,77.6
19,3.5,71.7,4.0,No,Yes,High,Medium,43.6
21,0.6,54.6,44.9,Yes,Yes,Low,Medium,66.3
16,9.7,87.4,57.8,Yes,No,High,Medium,73.0
16,8.8,95.7,57.1,No,Yes,Medium,Medium,90.9
18,9.3,71.7,33.2,Yes,No,Medium,High,89.1
16,9.9,62.9,31.6,Yes,Yes,Medium,High,84.8
16,1.7,71.7,10.7,Yes,Yes,Low,Medium,77.3
20,4.0,86.2,36.7,Yes,Yes,Medium,Medium,77.2
18,7.6,50.5,9.9,Yes,No,Medium,High,78.1
20,7.0,79.5,76.7,No,Yes,Low,High,91.5
21,1.5,80.7,96.6,Yes,No,Medium,Low,67.3
22,8.2,81.9,97.0,Yes,No,Medium,Medium,83.9
21,2.2,62.1,86.5,No,Yes,Low,Medium,64.5
22,2.2,85.7,60.1,Yes,Yes,Low,Low,75.1
20,5.4,54.6,70.1,Yes,Yes,Medium,Medium,75.2
21,5.9,60.0,28.5,Yes,Yes,Medium,Medium,71.1
18,5.8,93.9,63.1,No,Yes,High,Medium,83.3
15,0.9,86.9,45.6,Yes,No,High,Medium,60.9
20,8.8,50.7,48.2,Yes,No,Medium,Medium,74.4
22,2.7,62.4,75.8,Yes,No,Medium,High,94.3
19,1.3,60.7,28.2,Yes,No,Medium,Medium,46.9
22,8.9,63.5,31.8,No,No,Medium,Medium,77.5
19,9.6,62.4,92.5,Yes,Yes,Low,Low,83.4
16,8.6,53.1,5.6,Yes,No,Medium,Low,69.2
21,8.1,72.9,48.6,No,No,Medium,Medium,68.3
19,6.6,86.6,91.3,Yes,Yes,Low,Low,87.6
22,5.5,80.3,61.0,Yes,No,Medium,Low,66.2
16,0.9,83.6,54.6,Yes,Yes,High,Low,59.7
15,4.1,54.1,25.0,Yes,No,Medium,Medium,39.4
18,3.7,97.6,34.3,Yes,No,Medium,High,88.4
18,2.6,91.9,85.2,No,No,High,Medium,58.7
18,7.2,90.3,55.9,Yes,Yes,Medium,Medium,96.7
19,5.0,91.1,51.5,Yes,No,Low,Low,72.8
15,0.8,96.6,10.0,Yes,Yes,Medium,Medium,73.3
19,2.2,77.2,1.6,Yes,Yes,Medium,Medium,70.9
21,6.8,60.0,96.4,Yes,No,Medium,Medium,79.7
19,0.8,80.8,37.7,Yes,Yes,Low,High,77.1
15,8.5,87.1,60.3,No,No,Medium,High,68.7
15,5.0,86.9,8.0,Yes,Yes,High,Low,54.1
21,4.8,76.1,68.3,Yes,Yes,Medium,High,84.7
15,5.9,53.4,93.3,Yes,No,High,Low,67.9
22,8.2,68.6,57.6,No,Yes,Medium,High,76.6
15,3.5,96.0,12.6,Yes,Yes,High,Medium,78.6
18,6.8,79.2,58.2,Yes,No,Low,Medium,85.4
22,5.7,76.9,76.6,Yes,Yes,Medium,Low,59.5
22,2.7,63.4,40.6,No,No,Low,Low,60.4
21,8.8,68.4,88.0,Yes,Yes,Medium,High,84.3
17,8.0,94.8,64.9,Yes,Yes,Medium,High,100.0
17,6.6,83.3,89.9,Yes,Yes,Medium,Medium,87.2
15,8.5,89.4,62.4,Yes,Yes,High,High,89.5
22,8.7,72.7,13.1,Yes,Yes,High,High,76.7
17,7.1,81.5,31.0,Yes,Yes,Low,Medium,89.9
17,8.4,62.4,20.2,Yes,Yes,Medium,Low,64.9
15,7.0,85.3,90.9,No,Yes,Medium,Low,84.7
17,6.8,71.4,76.0,No,Yes,Medium,Medium,86.9
19,6.2,72.1,67.6,Yes,Yes,High,Medium,75.3
16,7.5,82.5,30.1,Yes,Yes,Medium,Low,75.6
21,1.6,96.8,18.4,Yes,No,High,Low,39.0
16,8.8,53.2,75.6,Yes,No,Low,Low,79.9
15,8.7,91.2,47.4,Yes,No,Medium,High,100.0
18,0.3,64.6,22.6,Yes,Yes,Medium,Low,52.1
21,8.3,72.2,61.7,Yes,No,Low,Medium,90.7
15,1.3,51.1,4.0,Yes,No,Medium,Medium,54.0
22,3.4,65.1,32.6,Yes,No,High,Medium,77.8
18,7.4,75.1,46.9,Yes,Yes,Medium,Low,85.7
16,1.6,52.8,14.8,Yes,No,Medium,Medium,55.9
15,8.2,74.6,98.5,Yes,No,Medium,Low,77.4
22,8.3,96.4,20.9,No,No,Low,Medium,88.9
21,5.1,55.3,13.0,Yes,Yes,Low,Low,57.9
21,0.1,88.2,20.4,Yes,Yes,Medium,Medium,68.4
20,2.9,70.5,76.9,Yes,Yes,Low,Medium,82.9
22,6.2,82.8,42.6,Yes,Yes,High,Medium,75.4
19,9.8,63.0,56.5,No,No,Medium,Medium,75.9
17,6.3,58.0,2.1,Yes,Yes,High,Medium,60.9
18,2.6,58.0,3.4,Yes,Yes,Medium,High,60.4
22,6.3,53.5,44.6,Yes,Yes,High,Medium,64.0
20,5.4,59.3,81.7,Yes,Yes,Medium,High,70.3
17,7.8,83.2,88.5,No,Yes,Medium,High,93.4
17,1.1,94.1,8.7,Yes,No,High,Medium,68.8
15,7.6,90.7,53.8,Yes,Yes,Medium,Medium,91.4
17,5.4,84.3,91.3,Yes,Yes,Low,Medium,87.4
19,9.6,55.5,38.8,Yes,Yes,Medium,Low,74.2
21,3.4,64.5,83.0,Yes,Yes,High,Low,63.9
20,6.3,65.5,13.4,Yes,Yes,Medium,Low,65.1
17,9.3,62.5,93.5,Yes,No,Medium,Low,89.6
15,1.0,75.8,75.1,Yes,No,Medium,Medium,64.1
19,9.4,76.8,94.1,No,No,High,High,93.1
16,6.9,67.8,67.7,Yes,No,Low,Medium,76.8
21,0.7,67.7,36.3,Yes,Yes,Medium,High,66.2
21,3.0,91.4,93.8,Yes,No,Low,High,95.9
20,7.1,89.5,27.6,Yes,No,Medium,High,91.7
21,0.7,65.4,33.2,Yes,No,Medium,High,66.3
17,5.8,95.7,70.1,Yes,Yes,Low,Medium,84.1
15,3.5,97.6,76.5,Yes,No,Low,Low,82.5
21,6.2,66.3,92.9,Yes,No,Medium,Medium,84.5
21,0.5,67.7,20.5,Yes,No,Low,Medium,63.4
16,8.7,75.3,79.8,Yes,Yes,Low,High,100.0
16,9.7,97.1,73.9,Yes,No,High,High,100.0
18,9.7,93.8,6.4,Yes,No,Medium,Medium,98.5
19,7.5,55.1,38.7,No,No,Medium,Medium,56.4
17,1.3,69.6,28.3,No,Yes,High,Low,49.0
21,7.6,77.7,30.4,Yes,No,Low,Low,75.6
22,0.2,75.2,98.3,Yes,Yes,Medium,Medium,81.9
21,0.2,59.7,64.3,Yes,Yes,Medium,Medium,56.9
15,3.2,92.9,71.8,Yes,Yes,Medium,High,97.6
18,4.9,83.8,97.7,No,No,High,Medium,59.4
19,7.7,91.9,37.7,Yes,Yes,High,High,84.5
22,6.8,92.9,80.2,Yes,Yes,Medium,Medium,95.1
18,4.5,87.4,43.5,Yes,No,Low,High,78.4
20,2.7,72.0,87.0,Yes,No,Low,Low,83.9
19,10.0,80.5,18.1,Yes,Yes,Medium,High,88.7
21,4.3,58.0,94.8,Yes,No,Low,Medium,76.7
21,4.5,83.7,21.9,Yes,No,Medium,Low,57.2
19,1.6,59.0,32.6,Yes,Yes,Medium,Low,69.5
21,7.9,84.7,75.6,Yes,Yes,Low,High,90.6
17,6.9,61.5,39.4,Yes,Yes,High,Low,65.0
19,2.2,55.9,60.8,Yes,Yes,Low,Medium,69.9
18,0.8,58.3,44.5,Yes,Yes,Medium,Medium,53.9
19,6.8,50.1,74.2,Yes,No,Medium,Medium,72.5
22,6.5,85.9,22.8,No,No,Medium,High,83.1
21,2.7,86.6,5.8,No,Yes,Medium,Medium,64.2
17,9.5,75.7,30.0,No,Yes,Low,Medium,70.9
17,1.5,58.1,47.4,Yes,Yes,Medium,High,71.0
20,4.3,54.2,16.8,Yes,Yes,Medium,High,71.1
18,9.4,51.0,35.5,Yes,Yes,High,High,63.3
16,4.2,58.3,40.0,No,No,Medium,Medium,66.9
16,6.4,94.5,5.7,No,No,Medium,Medium,74.1
19,4.0,62.1,58.3,No,Yes,Medium,Medium,64.0
20,2.7,67.7,88.4,Yes,No,High,High,64.9
15,9.8,55.3,15.2,No,Yes,Low,Low,70.9
19,4.1,61.1,59.8,Yes,No,Medium,Medium,66.3
20,8.9,76.0,66.5,Yes,Yes,Medium,Low,80.8
18,2.3,80.4,41.9,Yes,Yes,Medium,Medium,76.3
18,2.1,62.3,70.1,Yes,No,Low,High,84.8
18,0.3,52.9,41.1,Yes,Yes,Medium,Low,47.5
18,6.5,69.6,50.5,Yes,No,Low,Medium,91.0
18,3.7,61.7,0.7,Yes,Yes,Medium,High,55.3
20,8.6,61.0,69.2,Yes,Yes,Medium,Medium,78.7
20,4.7,98.0,66.1,No,Yes,High,Medium,75.5
17,9.7,80.8,3.8,Yes,Yes,Medium,High,96.5
22,1.9,77.8,36.8,Yes,No,Low,High,76.2
16,8.7,70.8,97.9,Yes,Yes,Low,Medium,100.0
21,7.8,71.4,42.1,No,No,High,Low,41.5
18,7.7,77.0,50.2,Yes,No,Low,Low,81.8
15,8.4,84.8,91.0,Yes,No,Medium,High,100.0
21,7.6,85.1,71.7,Yes,Yes,Low,High,100.0
20,6.3,58.6,58.2,Yes,No,Medium,Medium,83.1
15,1.3,75.0,79.8,Yes,Yes,Medium,Medium,69.2
15,0.3,70.6,86.4,No,Yes,Medium,Low,37.8
15,9.2,93.5,45.7,Yes,Yes,Medium,Medium,90.9
17,6.2,81.6,47.5,Yes,Yes,High,Medium,79.0
20,8.0,76.6,38.6,No,Yes,Medium,High,81.9
15,4.8,55.8,96.7,No,No,Medium,Medium,63.9
18,1.2,80.3,69.7,Yes,Yes,High,Medium,78.9
19,1.3,55.9,8.3,No,Yes,High,Medium,43.6
15,6.9,66.9,86.3,Yes,No,Medium,Medium,85.1
17,4.3,57.1,48.1,Yes,Yes,High,Medium,55.4
21,2.0,84.6,6.9,Yes,Yes,Low,Low,50.5
20,4.9,60.3,55.0,Yes,Yes,Medium,Medium,73.5
22,0.6,69.6,41.7,Yes,No,High,Low,48.1
17,5.8,94.8,87.8,Yes,Yes,Low,Low,93.8
15,2.7,60.2,20.4,Yes,Yes,Low,High,76.3
20,8.0,75.4,82.6,Yes,Yes,Medium,Medium,83.7
19,3.1,71.0,55.8,Yes,No,Medium,Medium,78.0
15,4.6,50.9,5.5,Yes,No,Medium,High,61.6
17,0.1,89.6,97.2,Yes,No,Medium,Medium,69.3
16,0.7,53.5,51.3,Yes,Yes,High,High,47.2
18,3.9,73.7,29.1,Yes,Yes,Medium,Low,53.9
22,4.8,78.0,46.9,Yes,Yes,Low,High,85.1
21,6.0,81.4,85.8,Yes,Yes,High,High,88.5
17,2.9,84.4,30.5,Yes,Yes,Low,High,92.8
20,6.9,62.7,19.3,Yes,Yes,Low,Low,82.1
22,8.6,50.5,12.9,No,Yes,Low,Medium,75.9
22,7.8,86.2,29.8,Yes,No,Medium,Low,81.6
22,0.4,76.8,78.0,Yes,Yes,Low,Medium,70.1
15,4.8,91.8,47.2,Yes,No,Low,High,73.8
18,1.0,91.1,22.7,No,Yes,Medium,Medium,47.2
15,2.4,92.2,16.6,Yes,Yes,Low,Medium,79.4
20,9.9,74.3,33.3,Yes,Yes,Medium,Medium,92.9
15,1.4,66.7,94.0,Yes,Yes,High,Medium,64.5
16,5.0,89.6,34.3,Yes,Yes,Medium,High,85.5
18,6.2,72.6,98.8,Yes,Yes,Low,High,100.0
18,7.0,59.2,48.5,Yes,No,Low,Low,85.7
20,5.6,92.7,17.9,Yes,No,High,Medium,72.6
21,0.1,94.1,89.1,Yes,Yes,Low,Medium,82.1
16,3.3,73.3,46.0,Yes,No,High,Medium,62.8
17,5.2,53.8,71.0,Yes,No,Low,High,85.2
15,0.9,69.4,98.4,Yes,No,High,High,66.4
19,3.5,90.2,5.0,Yes,No,Medium,Medium,68.4
15,0.3,95.1,9.7,No,Yes,Medium,Medium,65.0
22,0.8,60.2,72.0,Yes,Yes,Medium,Medium,68.5
15,4.0,53.3,28.2,Yes,Yes,Medium,Medium,60.0
17,1.3,93.9,18.4,Yes,Yes,Medium,Low,69.4
15,5.7,69.5,3.9,Yes,Yes,Medium,Medium,70.4
16,6.9,77.1,2.2,Yes,Yes,Medium,Low,59.9
16,8.0,98.4,77.4,Yes,No,Low,Medium,100.0
18,2.0,53.3,13.4,No,No,Low,Medium,41.6
20,1.7,82.4,46.8,Yes,No,Medium,High,80.7
21,1.0,53.7,60.6,Yes,No,Low,High,67.3
19,6.4,68.8,42.8,Yes,No,Medium,Medium,91.2
22,7.1,90.2,2.7,Yes,Yes,Low,Low,81.5
15,0.3,71.7,78.4,Yes,Yes,Medium,Medium,72.6
15,9.4,99.9,1.1,Yes,Yes,Low,Medium,92.0
17,0.5,78.0,76.2,Yes,No,Medium,Medium,83.8
20,5.4,66.1,89.3,No,Yes,Low,High,86.8
16,7.1,61.0,43.3,Yes,No,Low,Medium,96.3
19,8.7,67.5,53.6,No,Yes,Low,Medium,82.6
18,7.1,68.6,47.7,Yes,Yes,High,Medium,72.1
16,8.0,53.4,38.9,Yes,No,Low,High,80.8
22,3.4,68.5,88.7,Yes,Yes,Medium,High,90.6
20,8.1,73.2,89.4,Yes,Yes,Low,Medium,96.0
22,0.8,86.1,33.6,No,Yes,Low,Medium,65.4
21,8.9,82.8,61.5,Yes,Yes,Medium,Medium,98.9
18,5.5,85.4,92.7,Yes,No,Medium,Low,74.3
21,8.2,50.4,96.2,Yes,Yes,High,Medium,77.8
17,4.5,60.9,50.9,Yes,Yes,High,Medium,56.0
22,6.4,83.1,45.3,No,Yes,Medium,Low,63.1
17,5.3,74.2,27.9,Yes,No,Medium,Low,65.9
15,7.3,50.3,95.9,Yes,Yes,Medium,Medium,93.5
21,0.8,90.2,14.3,Yes,No,Medium,High,71.7
20,0.6,88.6,58.0,No,No,High,Medium,58.6
22,2.5,77.4,28.3,Yes,Yes,Medium,Medium,70.9
19,1.6,53.3,27.9,Yes,No,Medium,Medium,57.3
18,8.7,88.3,40.5,Yes,No,Low,Medium,96.8
16,2.2,79.2,99.9,Yes,Yes,Low,Medium,71.5
20,9.8,89.1,5.5,Yes,Yes,High,Medium,63.3
20,3.4,87.6,57.9,Yes,No,Medium,Low,69.6
17,1.8,90.2,8.3,Yes,No,Medium,Medium,81.8
21,7.9,75.9,15.5,Yes,Yes,Low,Medium,79.4
22,6.6,57.0,44.0,Yes,Yes,High,Medium,71.2
22,5.0,83.6,51.0,Yes,No,Low,High,87.1
15,5.6,81.0,25.9,Yes,No,High,Low,64.7
15,7.2,87.1,31.6,No,No,Low,Medium,82.8
18,2.3,58.5,8.7,No,Yes,High,Medium,35.2
17,10.0,59.7,30.3,Yes,No,Medium,High,89.5
20,9.7,94.5,96.7,Yes,Yes,Low,Medium,100.0
22,6.5,87.5,94.5,Yes,Yes,Medium,High,100.0
19,2.0,95.4,33.5,Yes,No,Medium,High,87.3
17,6.8,87.9,57.1,Yes,No,Low,Medium,98.2
18,0.7,79.9,91.0,Yes,Yes,High,Medium,64.2
18,0.3,82.7,0.6,Yes,Yes,Medium,Medium,65.2
17,2.6,94.5,81.1,No,No,Medium,High,70.8
18,4.6,78.9,94.8,Yes,Yes,Low,Low,89.5
17,8.7,81.6,9.1,Yes,No,Medium,Medium,82.1
16,7.3,57.8,16.1,Yes,No,High,Medium,61.1
17,7.4,73.7,96.1,Yes,Yes,Medium,Medium,92.1
21,4.3,85.8,53.8,Yes,No,High,Medium,79.9
17,3.5,63.5,1.4,Yes,No,High,Medium,39.1
18,3.7,60.1,25.8,Yes,No,Low,Low,66.4
22,9.9,65.7,45.0,Yes,No,Low,Medium,72.3
21,0.4,62.1,69.3,No,No,High,Medium,39.0
18,8.7,60.7,73.3,Yes,Yes,Medium,High,89.8
15,5.8,71.2,99.5,Yes,Yes,Low,Medium,95.5
15,4.4,95.4,28.8,Yes,No,Low,High,73.5
22,7.3,75.4,53.8,Yes,Yes,Medium,Medium,86.9
22,4.9,59.4,53.3,Yes,Yes,Medium,Low,59.5
21,8.7,53.8,40.6,Yes,No,Low,High,96.1
16,9.0,84.8,16.9,No,No,Low,Low,80.2
22,4.2,69.1,97.7,No,Yes,High,High,67.6
15,2.8,91.1,85.3,Yes,No,Medium,High,93.1
17,5.9,83.0,49.8,No,No,Medium,Medium,78.6
18,9.1,89.8,60.3,Yes,Yes,Medium,Medium,100.0
15,2.1,63.6,22.7,Yes,No,Medium,Medium,55.0
15,6.2,84.6,54.4,Yes,Yes,Medium,Medium,72.4
16,6.3,63.2,69.5,Yes,Yes,Medium,Medium,66.8
21,7.3,97.0,51.5,Yes,Yes,Low,Medium,100.0
21,1.3,81.8,99.0,Yes,Yes,Medium,Medium,89.6
20,7.2,66.2,61.1,Yes,Yes,Medium,Low,71.6
16,9.1,63.5,37.1,Yes,No,High,High,81.6
17,1.8,59.5,77.2,Yes,No,Medium,High,74.0
21,2.4,84.7,17.0,No,Yes,High,Medium,44.7
18,9.7,60.9,38.5,Yes,No,High,High,79.2
22,1.8,79.8,34.7,Yes,Yes,Low,Medium,72.6
16,8.5,63.2,43.2,Yes,Yes,Medium,Low,57.5
22,4.9,83.1,78.2,Yes,No,Medium,Medium,75.9
15,2.5,90.7,48.4,Yes,Yes,High,Medium,63.2
18,8.7,88.9,79.4,Yes,Yes,Medium,Medium,100.0
18,4.5,88.0,57.6,Yes,No,Medium,High,73.1
15,5.1,59.4,34.2,Yes,Yes,Medium,High,81.1
16,3.6,54.4,81.0,Yes,No,Low,Medium,79.9
15,5.9,84.9,23.8,Yes,Yes,Low,High,95.8
22,1.6,68.4,22.4,Yes,Yes,Medium,Low,62.6
20,3.9,71.6,50.5,Yes,Yes,Medium,Low,66.9
18,9.7,51.6,26.1,No,Yes,Medium,High,76.3
19,2.6,63.0,0.9,Yes,Yes,Medium,Medium,53.1
19,6.6,51.7,64.8,Yes,Yes,Low,Medium,68.2
22,3.3,94.0,51.1,Yes,No,Medium,Medium,78.2
17,7.7,62.2,44.6,Yes,No,Low,Medium,74.0
21,1.3,77.9,96.7,No,Yes,High,Low,52.9
15,9.7,51.9,57.1,Yes,Yes,High,Medium,81.5
15,4.5,83.3,86.3,Yes,Yes,Medium,Low,77.7
17,2.4,66.2,13.9,Yes,No,Low,Low,67.1
17,0.7,94.9,56.9,Yes,No,Low,Medium,72.3
22,1.7,94.4,86.8,Yes,Yes,Medium,Medium,83.5
22,5.2,66.3,58.3,Yes,No,Medium,High,85.6
17,3.4,95.0,71.8,Yes,Yes,Medium,Low,75.8
18,8.3,99.8,37.2,Yes,Yes,Low,Low,90.7
22,4.3,91.3,9.2,Yes,Yes,Medium,Medium,89.0
20,2.5,92.2,45.8,No,Yes,Medium,Medium,76.0
22,6.2,62.5,39.4,Yes,Yes,Medium,Low,66.4
15,7.1,78.8,86.7,Yes,Yes,Medium,Low,96.3
22,1.7,53.4,24.4,Yes,No,Low,High,58.0
18,1.7,54.7,96.7,Yes,Yes,Medium,Medium,55.7
17,0.4,99.9,95.8,Yes,Yes,High,Medium,79.9
15,7.4,66.3,24.8,Yes,Yes,Medium,Medium,69.7
22,6.6,87.4,34.8,Yes,Yes,High,Medium,72.9
18,4.7,90.3,89.6,Yes,Yes,Medium,Medium,92.1
20,8.4,92.9,96.7,Yes,Yes,Low,Medium,95.4
22,8.1,99.9,44.3,No,Yes,Medium,High,81.1
18,5.9,62.1,32.1,Yes,Yes,Medium,Low,62.6
20,8.7,52.0,52.6,Yes,Yes,Medium,High,86.2
17,2.1,70.6,68.8,Yes,Yes,Low,Low,82.1
22,1.1,56.5,27.3,Yes,No,Medium,Medium,46.3
20,2.7,51.1,73.6,Yes,No,Low,Low,63.2
15,0.6,68.0,5.2,Yes,Yes,Low,Low,60.6
17,5.3,89.2,4.9,Yes,Yes,Medium,High,68.1
15,9.4,78.3,38.6,Yes,Yes,Medium,Medium,88.7
19,0.4,65.6,35.3,Yes,Yes,High,Low,48.1
16,1.2,82.7,31.6,Yes,Yes,Medium,High,75.7
22,4.5,61.6,49.1,Yes,Yes,Medium,High,82.9
20,9.3,50.7,32.1,Yes,Yes,Medium,High,86.2
16,3.2,88.2,19.2,Yes,No,Medium,High,77.6
16,5.1,81.2,30.9,Yes,Yes,Low,Medium,82.9
20,0.4,88.1,97.5,Yes,Yes,High,High,83.3
17,1.5,51.9,41.1,Yes,Yes,Medium,Medium,53.2
22,9.9,91.9,44.5,Yes,No,High,High,99.6
19,9.7,81.0,57.7,Yes,No,Medium,High,93.2
15,0.0,78.2,98.3,Yes,Yes,Low,Medium,80.4
18,9.5,81.2,24.2,Yes,No,Medium,High,99.1
15,6.4,93.2,68.1,Yes,Yes,Low,Medium,88.6
18,8.7,79.3,71.6,Yes,No,Medium,Medium,82.3
15,4.5,79.0,60.7,Yes,No,Low,Low,82.3
20,5.2,99.5,8.9,Yes,Yes,Medium,High,100.0
19,4.9,87.8,67.7,Yes,No,High,Medium,72.5
22,6.7,72.1,6.4,Yes,Yes,Medium,Medium,81.5
18,1.4,85.4,59.6,Yes,Yes,High,Medium,52.3
22,0.3,69.5,74.0,No,Yes,Medium,High,69.6
22,3.1,61.4,21.1,Yes,No,Medium,Medium,68.7
22,7.0,79.8,84.2,Yes,Yes,High,High,76.8
21,2.0,96.4,3.0,Yes,Yes,High,High,60.7
17,6.7,96.5,84.4,Yes,No,Medium,Medium,91.4
15,9.7,67.1,46.0,Yes,Yes,Low,Medium,75.2
22,0.9,76.4,21.8,Yes,Yes,Medium,High,72.9
15,6.7,60.6,13.4,Yes,Yes,Low,High,72.6
22,4.4,99.8,95.3,Yes,Yes,Medium,High,94.1
18,8.7,99.1,7.3,Yes,Yes,Medium,Medium,75.2
17,1.8,82.5,19.9,Yes,Yes,High,High,69.2
17,6.9,90.2,34.8,Yes,No,High,Medium,82.5
20,8.4,85.8,62.0,Yes,No,Medium,Medium,73.8
21,9.4,79.7,54.5,Yes,Yes,Low,High,100.0
20,6.8,52.7,12.6,Yes,Yes,High,Low,57.7
20,5.0,72.7,29.0,Yes,Yes,Low,High,81.6
20,6.2,83.7,23.9,Yes,No,Medium,Medium,77.7
20,8.7,83.9,21.4,Yes,Yes,Low,High,87.6
20,5.7,68.7,41.1,Yes,Yes,Medium,Low,62.4
19,0.3,97.1,70.4,No,No,High,Medium,64.9
17,9.3,58.4,21.7,No,Yes,Low,High,69.1
20,6.9,75.0,36.7,Yes,Yes,Medium,Low,78.3
22,6.8,84.5,39.1,Yes,No,Medium,Low,73.5
17,2.2,84.9,97.6,Yes,No,High,High,73.3
17,6.6,82.4,95.5,Yes,Yes,High,Medium,78.2
16,3.9,63.8,80.0,Yes,No,Low,High,95.2
19,6.5,57.8,24.2,Yes,Yes,Low,Low,51.9
20,1.1,81.8,6.8,No,No,Medium,Medium,50.8
15,6.6,80.0,31.7,Yes,Yes,Medium,High,88.0
18,10.0,59.0,26.7,Yes,No,Medium,Medium,69.8
21,0.5,85.3,50.6,Yes,No,Low,Medium,66.8
22,9.8,72.8,77.8,Yes,No,Low,Medium,100.0
15,4.1,83.4,85.8,Yes,No,Medium,High,93.3
19,8.7,91.9,84.5,Yes,Yes,Low,Medium,100.0
18,7.8,58.5,36.0,Yes,Yes,High,Medium,70.0
19,5.7,51.0,68.7,Yes,Yes,Low,Low,72.2
22,7.4,89.0,31.3,Yes,No,Low,Medium,87.4
17,8.8,80.5,6.1,No,No,High,Medium,56.0
18,4.0,85.0,70.2,Yes,Yes,Medium,Medium,92.6
17,3.3,91.9,1.0,Yes,No,Medium,Medium,65.8
22,6.7,90.1,40.9,Yes,No,Low,Low,84.9
15,8.1,98.0,32.9,Yes,No,Medium,Low,95.4
22,7.6,76.8,69.3,Yes,No,Medium,Medium,86.5
15,8.0,74.4,76.6,No,Yes,Medium,Medium,72.2
18,4.4,70.1,30.4,Yes,Yes,High,High,65.0
18,8.2,57.7,81.2,Yes,Yes,Medium,Medium,86.4
20,1.2,78.6,29.4,Yes,Yes,Medium,Low,56.7
19,5.4,63.9,44.6,Yes,No,Medium,Medium,69.6
20,0.1,96.1,72.7,Yes,No,Medium,Low,73.9
19,3.2,79.2,69.3,Yes,No,Low,High,93.3
20,3.7,79.6,98.7,Yes,No,Medium,High,89.6
17,4.0,67.7,22.5,Yes,Yes,Medium,Medium,64.9
18,7.0,52.6,66.2,No,Yes,Medium,Medium,63.9
15,3.9,51.6,61.0,Yes,Yes,Medium,Medium,69.3
19,4.5,71.2,91.5,Yes,Yes,Medium,Medium,81.6
22,2.4,54.2,15.6,Yes,Yes,High,High,67.4
19,3.7,80.3,75.2,Yes,Yes,Low,Low,86.4
15,2.3,94.0,56.8,Yes,Yes,Medium,Medium,86.6
20,0.7,94.1,27.5,Yes,Yes,Medium,Medium,77.2
19,6.0,83.0,47.4,No,No,Medium,High,72.4
21,6.7,60.6,33.4,Yes,Yes,Medium,Medium,84.2
17,6.2,93.1,57.9,Yes,Yes,Low,High,94.9
18,4.6,94.3,88.9,No,Yes,Medium,Low,68.2
15,3.8,59.8,56.9,Yes,No,Low,Medium,72.6
18,8.6,86.9,63.2,Yes,Yes,High,High,94.3
21,5.2,64.3,51.9,Yes,Yes,Medium,Medium,58.9
19,4.8,90.1,5.1,Yes,No,High,Medium,47.1
19,0.3,99.9,23.3,Yes,Yes,Medium,Low,70.8
22,3.4,51.5,49.2,Yes,No,Medium,Low,51.6
21,3.8,94.9,31.0,Yes,Yes,Medium,Low,77.5
15,4.0,81.1,18.2,No,Yes,High,High,61.0
22,5.8,98.7,50.4,Yes,Yes,High,Medium,75.7
17,5.3,73.3,32.3,Yes,No,Low,High,89.6
22,6.1,92.4,25.8,Yes,Yes,Medium,Medium,68.9
16,7.6,53.1,46.4,No,Yes,Medium,Medium,52.4
15,8.1,66.8,13.3,Yes,Yes,Low,Medium,83.7
16,7.2,53.4,92.8,No,Yes,Medium,High,85.3
21,9.6,98.8,86.8,Yes,Yes,High,High,100.0
20,0.2,90.8,70.8,Yes,No,Medium,High,75.2
16,2.0,92.6,10.6,Yes,No,Medium,Low,57.3
17,0.1,96.9,77.6,Yes,Yes,Medium,Medium,79.3
22,6.5,54.3,80.8,Yes,Yes,Medium,Medium,77.1
20,9.0,69.3,76.8,Yes,No,Low,High,100.0
22,2.4,53.6,11.4,Yes,Yes,Medium,Medium,45.5
16,9.3,60.5,64.4,Yes,Yes,High,Medium,86.1
22,0.6,61.5,83.4,Yes,Yes,Medium,Medium,58.5
21,9.3,73.5,57.7,Yes,No,Low,Medium,86.0
20,3.5,63.4,64.6,Yes,No,Low,Low,64.8
21,1.0,55.0,45.8,Yes,No,Low,High,57.2
16,4.9,58.4,52.9,Yes,Yes,Medium,Medium,64.3
21,2.6,57.4,3.4,Yes,Yes,Medium,High,71.1
17,2.8,98.7,63.9,Yes,No,Low,High,76.3
16,3.1,88.0,8.1,Yes,Yes,High,Medium,69.0
16,8.0,98.4,43.5,Yes,No,Medium,Medium,96.0
16,5.4,72.0,29.3,Yes,No,Medium,Low,77.7
15,3.1,63.9,54.5,Yes,Yes,High,High,69.4
22,6.1,89.9,13.3,Yes,No,Low,Medium,88.3
15,7.2,66.3,69.2,Yes,Yes,High,Medium,60.0
15,2.7,65.0,79.5,Yes,No,Low,Medium,78.9
17,4.1,61.6,16.3,Yes,Yes,Medium,Medium,68.5
20,1.2,56.5,10.4,Yes,Yes,High,Medium,46.3
22,1.8,62.8,14.6,Yes,No,High,Medium,44.5
21,6.8,67.8,87.7,Yes,No,Medium,High,84.9
19,1.8,83.7,52.8,Yes,Yes,Medium,High,83.2
16,5.3,53.1,46.7,Yes,Yes,Medium,Medium,62.5
21,7.1,60.5,10.7,Yes,Yes,High,Medium,50.5
16,1.1,90.5,65.0,Yes,Yes,Low,High,93.6
17,5.7,57.3,86.8,Yes,Yes,High,Low,62.1
16,2.6,67.1,82.8,No,Yes,Medium,High,76.2
15,9.6,93.2,62.6,Yes,Yes,Medium,Medium,98.7
22,4.8,57.7,7.5,Yes,Yes,Medium,Medium,63.7
19,8.1,54.1,11.2,Yes,Yes,Medium,Medium,79.9
18,5.5,74.2,4.9,Yes,Yes,High,Medium,61.8
16,0.4,65.1,25.7,Yes,Yes,Medium,High,52.7
21,6.3,78.2,13.6,Yes,No,High,Low,66.6
15,9.5,90.2,26.0,No,Yes,Low,Medium,86.0
18,6.0,56.9,38.5,Yes,No,Medium,Medium,55.0
19,8.2,79.0,94.3,Yes,No,High,High,89.2
18,8.8,75.3,61.0,Yes,No,Medium,Medium,99.9
15,2.3,57.2,83.5,Yes,No,Medium,High,75.5
22,2.1,81.2,71.0,Yes,No,Medium,Medium,83.5
22,6.1,63.7,11.3,Yes,Yes,High,Low,53.3
20,4.1,74.4,73.6,Yes,Yes,High,High,63.3
22,8.4,54.1,27.5,Yes,No,Low,Low,72.4
20,9.0,73.0,63.9,Yes,Yes,High,Medium,77.6
18,3.5,65.3,34.1,Yes,No,Medium,Low,52.7
17,2.4,91.1,99.8,Yes,Yes,Low,Medium,83.0
21,7.8,52.8,26.4,Yes,No,High,Medium,64.9
21,2.7,70.9,27.9,Yes,Yes,Medium,Medium,64.6
18,8.2,72.9,93.1,Yes,Yes,High,Medium,86.1
16,4.2,86.3,2.5,No,Yes,Low,Medium,74.1
16,6.7,78.7,69.7,No,No,Low,Medium,87.8
22,1.0,83.4,72.5,Yes,No,Medium,Medium,64.9
21,6.2,88.9,83.6,Yes,Yes,Low,High,100.0
21,4.5,93.1,97.4,Yes,No,Medium,High,88.6
20,5.9,65.7,97.6,Yes,Yes,Low,Low,100.0
17,1.7,76.9,6.5,Yes,Yes,Medium,Low,61.0
15,7.4,92.0,82.2,Yes,Yes,Low,High,99.1
16,8.6,99.5,64.6,Yes,Yes,Low,Medium,99.5
21,2.2,94.5,64.7,Yes,Yes,Medium,Medium,80.1
20,1.0,68.6,12.8,Yes,Yes,Low,High,77.8
19,0.2,59.8,65.0,Yes,No,Medium,Medium,72.2
20,6.4,74.5,98.2,Yes,No,High,Medium,80.7
16,6.1,87.1,91.2,No,Yes,Medium,High,86.1
16,5.5,74.6,43.9,Yes,Yes,High,Medium,64.9
20,2.3,74.2,4.0,Yes,Yes,Low,Low,71.0
15,3.9,91.9,36.2,Yes,Yes,Low,Low,73.9
18,5.9,68.1,82.6,Yes,Yes,High,Medium,71.2
16,5.0,93.0,70.1,Yes,Yes,Medium,High,87.5
20,9.9,70.3,45.9,Yes,No,Medium,Medium,99.9
21,1.4,66.4,5.5,Yes,No,Medium,Low,48.2
20,7.0,72.7,42.7,Yes,Yes,Medium,High,82.0
17,4.0,88.1,46.9,Yes,Yes,Low,Low,66.8
18,4.3,56.3,92.9,Yes,Yes,Medium,Low,76.5
19,7.2,59.8,64.1,Yes,No,Medium,Medium,63.4
15,6.9,97.6,31.2,Yes,Yes,Medium,Medium,81.5
22,9.9,58.8,52.5,Yes,Yes,High,Medium,77.4
19,1.3,78.4,6.6,Yes,No,Medium,High,73.0
18,1.0,79.0,97.3,No,Yes,Low,High,82.2
18,7.2,74.5,36.0,Yes,Yes,High,Medium,68.9
18,5.8,82.2,47.8,No,Yes,Medium,Medium,69.8
19,2.7,61.5,35.5,Yes,Yes,Medium,Medium,65.5
21,0.8,77.6,68.3,Yes,Yes,Low,Medium,78.7
18,0.9,68.6,66.2,No,Yes,Low,Low,45.1
20,8.9,83.1,71.5,Yes,Yes,Medium,High,100.0
19,1.9,57.1,26.8,Yes,Yes,Medium,Low,41.1
22,3.2,78.5,31.6,Yes,No,High,Low,57.5
18,2.3,59.3,12.5,Yes,Yes,High,Medium,40.5
20,3.5,63.9,65.6,No,Yes,High,Medium,47.8
21,0.7,60.9,4.0,Yes,No,Medium,Low,47.6
17,5.2,59.1,59.8,Yes,No,Medium,Low,69.8
21,0.7,91.3,87.0,Yes,No,Medium,Medium,69.1
22,8.0,64.3,89.1,Yes,Yes,Low,Medium,87.5
18,2.3,96.4,44.9,Yes,Yes,Low,Medium,80.8
22,5.4,98.5,45.9,Yes,No,Medium,Medium,91.1
19,8.8,78.6,7.7,Yes,No,High,Medium,71.9
16,6.5,57.2,67.1,Yes,Yes,Low,High,83.1
18,5.3,68.7,82.1,No,No,Low,Medium,78.0
16,3.2,89.9,24.5,Yes,Yes,High,Low,62.0
20,3.3,68.4,42.1,Yes,No,Low,Medium,75.1
17,6.7,54.4,83.9,Yes,No,Medium,High,81.1
15,9.9,77.8,87.7,Yes,No,Medium,Low,85.6
22,6.6,92.3,24.3,Yes,No,Low,Medium,77.7
21,5.6,89.8,55.1,No,No,High,Low,53.8
17,7.3,58.8,19.2,Yes,Yes,Low,Low,83.5
18,4.7,83.6,10.2,No,Yes,Medium,Medium,52.8
16,0.6,61.0,91.1,Yes,Yes,Low,Medium,60.1
21,5.6,60.9,82.1,Yes,Yes,Low,High,97.2
16,9.6,93.7,76.0,Yes,No,Low,Medium,100.0
19,1.8,62.5,4.9,Yes,Yes,Low,Medium,65.0
16,6.9,63.2,84.4,Yes,Yes,Low,Medium,96.3
19,2.0,50.0,43.8,No,Yes,Medium,Medium,53.6
20,5.4,93.5,34.2,Yes,No,Medium,Low,66.7
21,1.0,89.6,54.6,No,Yes,Medium,High,64.5
21,4.5,81.4,9.1,Yes,Yes,Medium,High,79.5
15,7.6,87.5,75.7,Yes,Yes,High,Low,82.9
18,3.5,57.6,58.2,Yes,No,High,Low,50.3
19,6.6,72.9,18.7,Yes,Yes,Medium,Low,56.8
15,8.0,67.6,18.8,No,No,High,Medium,54.7
16,9.3,54.7,18.4,Yes,Yes,Medium,Medium,72.6
16,2.3,74.3,5.7,Yes,Yes,Medium,High,75.7
15,4.0,96.0,58.8,Yes,No,Medium,High,87.3
21,1.5,52.0,84.0,Yes,Yes,Medium,Medium,62.1
16,9.9,64.6,1.7,Yes,Yes,Medium,Medium,85.0
22,9.3,60.4,4.9,Yes,Yes,Medium,Medium,70.4
20,5.4,61.9,57.3,Yes,Yes,High,Medium,66.1
20,8.4,95.4,81.9,Yes,Yes,High,Medium,97.0
22,5.2,73.4,32.7,Yes,Yes,Medium,Medium,82.0
15,6.2,73.3,35.0,Yes,Yes,Medium,Medium,79.7
22,0.9,88.0,59.6,Yes,Yes,Low,Medium,82.5
19,7.6,57.7,27.4,Yes,No,Low,Medium,68.8
19,1.3,74.4,2.7,Yes,No,Medium,High,63.4
15,8.3,71.5,73.5,Yes,Yes,Medium,Medium,91.7
22,7.8,79.8,62.6,Yes,Yes,Low,Medium,88.6
19,7.1,100.0,58.1,Yes,Yes,High,Medium,95.8
21,0.4,88.5,74.2,Yes,Yes,Medium,Medium,81.3
22,3.0,69.9,67.5,Yes,Yes,Medium,Medium,61.1
21,2.6,91.4,20.6,Yes,Yes,Low,Low,69.9
19,3.6,58.5,35.2,Yes,Yes,Low,Medium,52.8
20,0.9,51.5,12.6,Yes,Yes,High,Medium,43.0
19,9.4,60.2,13.0,Yes,Yes,Medium,High,80.7
21,5.5,67.0,67.6,Yes,No,High,Medium,57.6
17,3.1,75.5,85.9,Yes,Yes,High,Medium,78.7
18,4.0,80.8,96.3,Yes,No,Medium,Medium,82.5
16,4.5,95.5,62.8,Yes,No,Low,Low,80.1
22,6.0,75.5,18.4,Yes,Yes,High,High,69.8
17,5.2,75.1,10.6,Yes,Yes,High,Medium,74.1
19,9.2,52.5,81.3,Yes,Yes,Medium,Medium,81.9
20,5.0,51.7,57.9,Yes,Yes,Medium,Medium,70.7
15,9.9,77.6,61.8,Yes,Yes,Medium,Medium,100.0
19,8.5,71.9,78.1,Yes,No,Medium,High,89.4
20,2.1,92.0,70.3,Yes,Yes,Medium,Medium,64.8
18,9.3,58.0,83.4,Yes,Yes,High,Medium,64.4
19,1.2,51.2,5.6,No,No,Medium,High,34.3
21,8.2,72.5,74.8,Yes,No,Low,High,91.3
15,3.8,61.9,85.1,Yes,Yes,Medium,Low,74.9
20,8.8,52.5,28.6,Yes,No,Low,Low,83.2
20,8.7,86.2,64.0,No,Yes,Low,Low,79.9
20,8.1,55.6,31.4,Yes,Yes,High,Medium,63.0
18,7.9,80.4,95.8,Yes,Yes,Low,High,100.0
19,3.0,64.1,3.3,Yes,Yes,Low,Medium,64.0
18,0.8,58.7,58.0,Yes,No,Medium,Medium,62.5
22,4.0,69.0,16.7,No,Yes,Medium,High,57.4
16,1.7,90.1,71.2,Yes,Yes,Medium,Medium,87.9
16,6.9,69.6,17.6,Yes,Yes,Low,Medium,91.7
22,3.5,87.5,23.5,No,Yes,Low,High,77.1
19,9.8,56.3,49.4,Yes,Yes,Low,High,88.4
21,6.4,88.6,91.5,Yes,Yes,Medium,High,86.5
18,8.2,61.8,21.2,Yes,No,Low,Medium,78.4
15,1.3,83.9,14.4,Yes,Yes,High,High,65.7
20,8.6,78.3,75.9,Yes,Yes,Medium,Low,87.7
20,9.2,96.5,50.1,Yes,Yes,Low,Medium,100.0
19,4.9,69.4,91.2,Yes,Yes,Medium,High,85.3
21,6.1,53.3,14.7,Yes,Yes,Medium,Medium,65.5
16,7.6,51.0,64.6,Yes,No,Medium,High,79.2
16,1.7,91.3,23.3,Yes,No,Low,Medium,89.8
20,5.0,76.2,15.7,No,Yes,Medium,Low,62.7
19,4.0,88.8,68.3,Yes,Yes,Medium,High,99.6
18,1.5,61.7,59.4,Yes,No,High,Low,43.0
16,3.7,67.3,75.5,No,Yes,Low,Medium,60.5
18,0.7,51.5,30.9,Yes,Yes,Medium,Low,40.5
21,0.3,98.1,44.8,Yes,Yes,Medium,High,81.0
16,1.4,83.4,40.5,Yes,No,High,Medium,51.1
16,9.6,96.7,98.4,Yes,Yes,High,Medium,92.8
17,5.5,63.3,29.2,Yes,No,Low,Low,77.2
16,9.7,80.6,29.5,No,No,Low,High,87.9
22,4.3,83.9,35.5,Yes,Yes,Medium,High,94.1
15,3.1,65.9,56.5,Yes,No,Low,High,87.3
22,5.1,92.4,25.2,Yes,No,Medium,Medium,80.1
19,4.4,97.4,91.5,Yes,Yes,Low,Medium,93.1
19,1.1,94.2,26.6,Yes,Yes,Medium,Low,68.6
18,6.4,87.0,89.6,Yes,Yes,High,Medium,83.5
22,2.2,63.9,10.3,Yes,Yes,High,Medium,58.7
22,6.2,64.1,65.7,Yes,Yes,Medium,High,80.5
22,6.5,98.2,90.7,Yes,Yes,Medium,High,93.1
21,1.5,50.5,16.9,Yes,Yes,High,Medium,44.9
16,0.6,85.8,96.8,Yes,No,Low,Low,77.3
15,7.8,85.3,45.3,Yes,Yes,Medium,High,83.8
18,4.6,81.1,94.6,Yes,Yes,Medium,Low,66.5
22,0.6,99.5,67.7,Yes,Yes,Low,Low,81.2
22,9.9,65.6,30.2,No,Yes,Medium,Medium,69.1
17,0.6,67.0,18.8,Yes,Yes,Low,Medium,56.6
18,7.0,53.9,30.4,No,Yes,Medium,High,63.4
22,9.8,72.1,9.3,Yes,Yes,Low,Medium,86.9
18,2.4,63.1,14.4,No,No,Medium,Low,44.2
16,1.4,67.2,10.5,Yes,No,Low,Medium,62.7
17,1.2,91.7,42.3,No,Yes,High,High,64.2
18,3.0,96.8,79.6,Yes,No,Medium,Medium,77.9
15,1.0,59.3,14.1,Yes,No,Medium,Medium,57.9
15,6.9,68.6,13.0,No,Yes,Medium,High,80.3
19,0.6,96.4,64.3,Yes,No,Medium,High,70.9
17,5.1,53.1,19.7,Yes,No,Low,High,85.9
17,10.0,54.6,9.8,Yes,Yes,Medium,High,86.3
19,8.1,58.1,16.7,No,Yes,Low,Low,65.1
18,6.2,79.8,92.4,Yes,Yes,Low,Medium,83.8
17,3.1,57.5,82.1,Yes,Yes,Medium,Medium,67.7
15,6.2,98.4,35.4,Yes,No,Low,Medium,95.3
15,5.3,72.3,65.6,Yes,Yes,Medium,High,86.4
22,4.3,75.1,53.7,Yes,No,Medium,High,73.5
16,1.3,62.3,67.7,Yes,No,Medium,High,76.3
17,8.9,73.5,68.3,Yes,No,Medium,Low,74.4
18,4.5,83.1,62.9,No,No,Medium,High,80.3
19,1.9,87.6,26.6,Yes,Yes,Medium,High,79.4
19,3.7,87.7,3.9,Yes,Yes,Medium,Low,66.7
18,4.1,78.9,45.6,Yes,No,Low,High,81.4
21,8.3,95.2,89.1,Yes,Yes,Medium,Medium,100.0
20,7.3,90.9,56.9,Yes,Yes,Medium,Low,86.3
16,7.7,87.9,83.2,Yes,No,Medium,Medium,71.6
19,0.1,52.8,99.2,Yes,No,High,Medium,49.0
17,4.2,50.3,16.4,Yes,Yes,High,Low,50.0
16,4.8,60.6,69.2,Yes,No,Low,Medium,82.7
17,0.2,83.2,67.4,Yes,No,Low,High,77.6
21,2.6,70.6,98.0,Yes,Yes,Low,Medium,71.7
15,7.6,70.1,98.6,Yes,Yes,Low,High,100.0
16,1.4,94.2,68.7,Yes,No,Low,Medium,79.4
22,5.4,94.8,24.4,Yes,Yes,Medium,Low,87.6
19,2.2,95.5,79.9,Yes,Yes,High,Medium,74.1
16,0.1,65.7,10.7,Yes,Yes,Medium,Medium,59.0
16,2.4,84.6,78.1,Yes,No,Low,Medium,75.1
16,9.8,63.6,91.0,Yes,Yes,Medium,Low,89.3
20,8.0,59.5,38.3,Yes,Yes,Medium,Medium,68.5
16,9.6,59.2,63.1,Yes,Yes,High,Medium,83.8
17,4.9,67.1,43.0,No,No,High,High,70.0
15,1.1,71.5,43.8,No,Yes,High,Low,34.9
21,5.5,91.5,31.0,Yes,Yes,Medium,Medium,83.6
18,4.5,56.0,76.2,Yes,No,Medium,Low,69.1
16,8.4,86.7,93.6,Yes,Yes,Low,Medium,100.0
19,1.0,76.6,94.1,Yes,No,Medium,Low,56.8
16,4.9,64.4,17.5,Yes,No,Low,High,82.7
19,1.5,74.6,87.5,Yes,No,Medium,High,67.1
17,3.2,65.0,73.7,Yes,Yes,Medium,Medium,73.2
19,7.4,79.8,25.3,Yes,No,Low,Low,71.8
22,4.8,71.7,6.7,Yes,No,Low,Medium,91.7
18,3.8,58.2,26.8,Yes,No,Low,High,78.9
15,3.9,55.8,91.2,Yes,Yes,Low,Low,65.3
19,4.6,77.3,63.3,Yes,No,Low,Medium,90.0
19,7.9,95.1,72.1,Yes,Yes,Low,High,100.0
15,8.9,67.2,25.7,Yes,Yes,Low,High,95.4
18,9.6,86.7,71.9,Yes,Yes,Low,High,100.0
16,7.9,82.9,2.8,Yes,No,High,High,82.5
19,3.2,96.6,37.5,Yes,Yes,Medium,High,91.4
15,6.9,91.0,62.7,Yes,Yes,Low,Medium,92.4
22,4.4,78.3,14.6,Yes,No,Medium,Medium,73.5
22,2.5,82.9,82.3,No,Yes,High,High,73.8
17,8.4,94.9,23.5,Yes,No,Medium,Medium,91.4
15,0.4,70.0,65.2,Yes,Yes,Low,High,87.2
17,9.0,66.3,40.5,Yes,Yes,Medium,Low,75.2
22,4.6,50.5,59.6,No,No,Medium,Medium,40.4
18,6.4,91.3,10.7,Yes,No,Medium,Medium,87.7
16,6.6,90.0,1.7,No,Yes,Medium,Medium,68.6
15,9.0,55.2,91.0,Yes,No,High,Medium,71.1
21,6.4,78.8,27.0,Yes,Yes,High,High,72.8
22,6.1,73.2,82.0,No,Yes,Medium,Low,81.2
22,0.7,55.9,99.9,Yes,Yes,Medium,High,67.1
21,5.2,99.0,21.1,Yes,Yes,Medium,Medium,83.6
20,1.5,60.7,26.5,Yes,Yes,High,Medium,62.6
22,7.4,53.4,66.3,Yes,Yes,Low,Medium,85.0
19,5.1,79.7,96.5,Yes,Yes,High,Medium,73.0
18,6.8,86.9,91.6,Yes,Yes,Low,High,100.0
15,0.4,51.6,50.3,Yes,Yes,Medium,High,64.2
21,0.8,82.9,79.5,Yes,Yes,High,High,82.6
19,7.2,76.6,13.6,No,No,Low,High,76.6
21,0.7,55.2,97.7,Yes,No,Medium,Medium,61.1
15,0.7,58.6,96.4,Yes,Yes,Low,High,65.6
17,0.1,78.4,16.4,Yes,No,Medium,High,74.5
15,9.6,64.8,29.9,Yes,No,Low,High,87.1
20,7.4,96.9,10.0,Yes,Yes,Medium,Low,80.2
15,3.5,90.9,27.2,No,Yes,Medium,High,78.6
15,3.0,99.2,81.6,Yes,No,High,Medium,68.9
20,3.5,63.0,37.8,Yes,Yes,High,High,71.8
18,7.7,98.5,8.8,Yes,No,Low,Low,82.2
22,6.6,71.6,34.2,Yes,No,Medium,Medium,77.8
15,1.9,67.4,98.1,No,No,Low,Medium,61.7
20,1.7,52.5,63.0,Yes,No,Low,Medium,68.6
19,1.0,52.6,41.6,Yes,Yes,Low,Low,59.2
17,6.6,84.6,16.7,Yes,Yes,High,High,87.5
17,7.6,72.9,98.6,Yes,No,High,Low,77.9
15,2.7,61.3,82.1,Yes,Yes,Low,Medium,67.3
18,0.2,80.7,28.1,Yes,No,Low,Low,63.5
18,0.8,62.6,7.0,Yes,No,Low,Medium,47.3
19,9.7,78.9,5.7,Yes,No,Medium,Medium,84.0
15,3.0,68.0,12.0,Yes,Yes,Medium,Medium,56.9
17,7.7,91.2,58.1,No,Yes,Low,Medium,87.7
18,6.2,91.0,92.9,No,Yes,Medium,Medium,84.6
15,3.8,73.9,49.7,Yes,Yes,Medium,Low,77.6
21,2.1,67.5,84.3,Yes,No,High,Low,58.8
18,1.2,68.1,44.6,Yes,No,Medium,Medium,48.2
20,6.2,90.3,70.9,Yes,No,Medium,High,87.0
21,7.7,66.4,73.2,Yes,Yes,Medium,Medium,88.8
22,6.4,60.5,17.4,Yes,Yes,High,Medium,78.9
18,5.3,54.2,36.1,No,No,Low,Medium,58.5
17,0.4,73.3,63.7,No,Yes,Medium,Medium,59.9
16,9.7,74.1,7.1,Yes,Yes,High,Low,70.0
21,8.0,92.0,36.2,Yes,No,Low,Low,73.6
22,2.9,61.1,53.5,Yes,No,Low,Medium,72.5
19,9.8,69.0,99.6,Yes,Yes,Medium,Medium,100.0
19,6.0,90.4,47.5,Yes,No,High,Low,78.7
17,5.8,91.2,81.6,Yes,Yes,Medium,Medium,96.6
18,7.5,69.2,43.2,No,No,High,High,80.1
15,8.1,73.0,79.6,Yes,Yes,Medium,Medium,89.4
18,6.6,65.2,59.5,Yes,Yes,Low,Medium,79.4
17,1.3,96.6,88.7,Yes,No,Medium,High,80.7
19,3.4,55.9,41.1,Yes,Yes,Medium,High,61.1
18,9.3,96.7,60.4,Yes,No,Low,Medium,98.5
19,2.2,84.2,63.0,No,No,Low,High,76.8
21,3.7,76.6,41.7,Yes,No,Low,Low,72.2
22,4.3,51.6,14.4,Yes,No,Medium,Medium,58.7
15,4.4,73.8,9.4,Yes,Yes,High,Medium,64.1
21,6.1,70.4,1.7,Yes,No,Medium,Low,44.9
19,9.4,58.1,87.4,Yes,Yes,High,Medium,80.4
19,2.4,82.8,23.6,Yes,Yes,Low,Low,68.5
16,1.2,98.6,21.2,Yes,No,High,Medium,52.6
16,2.0,78.1,73.6,Yes,Yes,High,Medium,61.9
21,8.9,85.7,32.0,Yes,Yes,Medium,Medium,75.8
20,6.5,53.4,50.6,Yes,Yes,High,Low,75.0
21,2.9,70.9,16.3,Yes,No,Low,Low,61.9
16,8.2,55.8,96.0,Yes,No,High,Medium,74.8
19,8.6,80.6,85.2,Yes,Yes,High,High,97.6
17,8.5,96.9,86.4,Yes,Yes,Medium,Low,94.7
21,9.2,83.1,40.7,Yes,No,Medium,Medium,83.0
19,2.5,53.8,76.2,Yes,Yes,Low,High,78.0
17,7.6,67.7,14.4,Yes,Yes,Medium,Low,76.0
17,4.6,77.5,0.9,Yes,Yes,Medium,High,70.9
16,8.4,70.2,2.0,Yes,Yes,Medium,Medium,75.2
21,7.3,91.7,58.7,Yes,Yes,Medium,Medium,100.0
18,7.8,90.7,45.5,Yes,No,High,Medium,69.7
15,6.6,80.6,51.8,Yes,Yes,Low,Medium,83.8
16,1.8,68.7,0.7,Yes,No,High,Medium,43.8
16,5.5,62.8,42.3,Yes,No,High,High,72.2
18,9.8,55.3,71.8,Yes,No,Medium,High,87.2
15,9.4,67.7,44.3,No,Yes,Low,Medium,78.6
19,0.4,70.7,73.2,Yes,Yes,Low,High,70.0
20,1.6,83.8,23.3,Yes,Yes,Low,Medium,77.4
21,1.3,82.9,81.3,Yes,No,Medium,Medium,64.3
20,7.3,53.5,58.8,Yes,Yes,Medium,Medium,80.8
19,8.2,69.8,21.1,Yes,Yes,High,High,81.8
22,2.1,59.1,23.7,Yes,Yes,Medium,Medium,57.6
16,5.1,57.8,62.8,No,Yes,Medium,Medium,64.6
15,8.4,91.4,83.0,No,Yes,Medium,High,90.3
16,7.3,52.1,41.6,Yes,Yes,High,Medium,67.6
17,5.4,71.0,25.8,Yes,Yes,High,Low,57.0
16,5.9,58.4,86.7,Yes,Yes,High,Medium,67.5
16,5.1,94.0,66.9,Yes,Yes,Medium,Medium,88.0
19,3.0,77.9,44.8,Yes,No,Medium,Medium,75.0
19,5.7,61.6,48.8,Yes,Yes,High,High,78.7
19,6.9,75.1,20.4,Yes,Yes,Medium,Medium,70.2
20,8.7,86.6,62.7,Yes,Yes,Low,Medium,91.1
17,6.4,97.9,35.9,Yes,Yes,Low,Medium,100.0
22,7.6,61.0,99.6,No,No,Low,Low,77.7
22,1.6,94.3,48.0,Yes,Yes,Medium,Medium,57.7
19,4.6,96.7,48.6,Yes,No,Low,High,90.0
15,0.1,95.8,56.6,Yes,No,Low,Medium,84.6
20,2.5,81.8,91.7,Yes,No,Low,Low,89.4
18,7.3,81.5,80.1,Yes,Yes,Medium,Medium,83.8
15,9.9,70.2,45.1,Yes,Yes,Medium,Medium,76.1
21,1.0,87.6,71.9,Yes,No,Medium,High,73.6
21,4.0,76.6,58.6,Yes,Yes,Low,High,70.7
15,8.0,83.9,49.2,Yes,No,Low,Medium,99.2
19,2.0,71.4,19.2,Yes,No,Medium,High,75.0
18,5.6,86.6,46.4,Yes,No,Medium,Medium,71.7
18,7.3,91.2,24.6,Yes,Yes,Low,Medium,87.9
20,6.2,57.3,91.5,Yes,No,Low,Medium,86.6
18,1.9,91.6,33.5,Yes,No,High,Low,53.5
21,3.6,77.0,95.2,Yes,No,Medium,High,85.6
17,7.8,92.2,53.3,No,Yes,Low,Low,85.4
19,5.5,71.6,63.2,Yes,Yes,Low,Medium,87.1
18,0.1,69.0,54.3,Yes,Yes,High,High,60.1
20,7.6,95.8,12.9,Yes,Yes,Medium,Medium,93.9
21,0.4,62.6,37.6,Yes,Yes,Medium,High,70.8
17,7.5,92.2,9.9,Yes,No,Medium,Medium,67.2
16,2.0,74.2,62.3,No,Yes,Medium,Medium,59.7
16,9.6,75.7,44.7,Yes,No,Medium,High,82.6
17,3.7,65.4,77.8,Yes,Yes,Medium,Low,87.2
21,3.3,78.7,22.0,Yes,Yes,Medium,High,78.9
20,1.5,66.3,16.5,Yes,Yes,Low,Medium,61.4
17,3.1,52.0,40.6,No,Yes,High,High,42.2
19,8.8,63.6,92.7,Yes,No,Medium,Low,77.2
19,10.0,50.3,71.0,Yes,Yes,Low,Medium,96.1
16,3.7,98.9,41.9,Yes,No,High,High,81.7
18,4.5,98.3,51.7,Yes,Yes,High,Medium,64.5
20,7.2,69.8,8.4,Yes,No,High,High,77.0
16,8.9,86.4,98.5,Yes,Yes,High,High,100.0
18,5.9,67.3,66.6,Yes,Yes,High,High,79.7
18,3.9,83.6,28.5,Yes,Yes,Low,High,89.9
22,4.1,90.3,58.6,Yes,Yes,High,Medium,69.1
19,7.0,97.3,10.9,Yes,Yes,High,Low,80.6
21,0.0,70.0,96.6,Yes,No,Low,Low,50.1
15,6.2,89.2,17.5,Yes,No,Low,Medium,83.7
21,3.6,63.3,64.8,Yes,No,High,Low,49.5
15,7.9,99.5,24.5,No,Yes,Low,Medium,87.2
17,0.9,51.3,71.8,Yes,Yes,High,Low,55.3
19,5.9,80.2,77.7,No,Yes,Low,Low,66.4
18,4.8,83.0,67.3,No,No,Low,Low,70.5
20,6.4,84.4,61.4,Yes,No,Medium,High,84.5
15,0.6,56.0,89.2,Yes,No,Low,Medium,69.8
21,5.8,96.9,7.9,Yes,No,Medium,Medium,81.3
18,5.6,59.1,33.1,Yes,Yes,Medium,High,72.6
15,5.6,81.1,24.8,Yes,Yes,Low,Low,74.6
15,6.0,61.1,98.8,Yes,Yes,Low,High,86.3
22,6.8,65.4,38.9,Yes,Yes,Medium,Medium,78.4
15,8.0,77.3,73.3,Yes,Yes,Low,Low,99.2
20,2.7,70.9,68.5,Yes,Yes,Medium,Medium,64.8
19,8.3,58.0,21.2,Yes,No,Medium,High,86.4
20,5.0,58.5,23.9,Yes,No,Low,Medium,76.0
16,0.8,70.9,28.1,Yes,No,Medium,High,64.8
18,0.6,87.9,41.1,Yes,No,Low,Low,67.2
19,3.3,94.9,23.4,Yes,Yes,Low,Medium,87.4
22,7.8,54.2,2.0,No,Yes,Low,Low,50.5
19,7.1,69.7,87.9,Yes,No,High,Medium,69.1
19,7.9,55.0,96.6,Yes,Yes,High,Medium,91.4
21,5.2,50.8,34.2,Yes,Yes,High,High,74.1
19,4.4,83.1,33.9,Yes,Yes,Medium,Low,80.5
22,1.5,80.1,0.7,Yes,Yes,Low,Medium,63.0
20,3.3,58.2,68.0,No,Yes,Medium,Medium,60.0
19,4.3,61.7,82.5,Yes,Yes,Medium,High,78.6
17,0.9,51.2,14.7,No,Yes,High,High,35.9
18,2.2,91.7,16.0,Yes,No,Low,High,82.7
19,6.0,98.7,79.0,Yes,Yes,Low,High,89.5
18,7.4,56.8,61.6,Yes,Yes,Medium,High,89.0
17,10.0,61.6,4.5,No,Yes,High,High,80.4
17,9.3,93.4,62.3,Yes,Yes,High,High,86.7
18,6.4,96.3,30.9,Yes,No,Medium,Low,82.6
15,4.2,71.0,36.9,Yes,No,High,Medium,55.1
16,6.4,52.5,77.0,Yes,No,Medium,Medium,78.2
21,7.9,52.0,81.1,Yes,Yes,High,Medium,77.2
15,1.2,78.7,40.0,No,Yes,High,Medium,44.1
15,4.1,69.6,94.7,Yes,Yes,High,Medium,61.1
20,8.4,51.4,40.6,Yes,Yes,Medium,High,75.4
21,3.8,79.2,77.2,Yes,Yes,Low,Low,84.2
21,5.7,50.6,48.4,Yes,Yes,Medium,High,85.9
15,5.9,89.4,89.8,Yes,Yes,Medium,High,100.0
19,1.8,65.3,90.8,Yes,No,High,High,72.4
20,3.6,52.0,8.7,Yes,Yes,Low,High,70.3
20,3.3,79.4,93.6,Yes,No,Low,High,100.0
17,0.3,69.9,82.6,No,Yes,Medium,Medium,60.2
22,0.2,98.7,79.1,No,Yes,Low,Medium,63.2
21,8.3,77.2,20.1,Yes,No,Medium,Medium,77.3
15,2.7,63.8,80.5,Yes,No,Medium,High,62.3
17,5.2,85.5,85.0,No,Yes,Medium,High,92.1
18,3.0,63.6,28.9,Yes,Yes,Low,High,82.0
16,9.4,95.2,95.2,Yes,Yes,High,Low,83.6
22,2.6,68.7,5.0,No,Yes,Medium,Medium,47.5
22,4.3,77.5,15.0,Yes,No,High,Medium,61.3
22,8.7,52.5,53.8,Yes,No,Medium,Low,62.9
20,8.4,71.3,57.6,Yes,No,Low,Medium,74.5
18,1.9,91.6,64.5,Yes,Yes,Low,Low,78.7
22,8.0,90.3,1.7,Yes,No,Low,High,93.8
18,4.6,61.2,96.0,Yes,Yes,Medium,Medium,79.9
19,4.8,61.3,4.5,Yes,No,Low,Medium,70.8
22,1.3,90.9,14.3,Yes,No,Medium,High,80.6
16,0.8,96.5,1.4,Yes,Yes,Medium,Medium,64.9
18,7.3,54.8,56.7,Yes,Yes,Low,Low,60.9
18,5.0,72.5,93.2,Yes,Yes,Low,Medium,84.1
16,4.4,66.9,66.6,Yes,Yes,Medium,Low,75.6
22,7.3,93.5,82.3,Yes,No,High,Low,80.8
16,7.7,54.2,1.3,Yes,Yes,Low,Low,69.3
18,1.6,60.6,54.2,Yes,Yes,Low,Medium,65.3
16,6.1,87.6,46.0,Yes,Yes,High,Low,67.4
18,1.4,52.6,49.9,Yes,No,Low,Medium,69.0
18,7.5,74.6,7.2,Yes,Yes,High,High,71.5
19,6.6,72.1,68.4,Yes,No,Low,Medium,82.7
15,9.6,66.7,50.3,Yes,No,High,High,85.6
18,0.7,69.7,76.5,Yes,No,Medium,Medium,67.1
22,0.6,76.5,48.5,No,Yes,High,Medium,49.0
17,2.8,58.1,14.9,Yes,Yes,Medium,High,73.4
20,2.6,78.6,64.8,Yes,Yes,Medium,Low,70.4
21,2.5,90.3,17.2,Yes,Yes,Low,Low,63.3
15,9.1,88.0,87.2,Yes,Yes,Low,Medium,100.0
15,2.5,57.7,61.3,No,No,Medium,Medium,49.9
15,2.7,57.5,15.7,Yes,Yes,Medium,High,61.6
19,7.6,63.4,96.2,Yes,No,High,High,73.7
18,4.5,68.1,51.8,Yes,Yes,Medium,Medium,66.9
19,7.8,70.4,7.3,Yes,No,High,Medium,80.7
18,0.7,84.0,62.7,Yes,No,Medium,Medium,71.7
22,4.9,52.8,25.3,Yes,No,High,High,52.9
19,0.3,51.7,80.4,Yes,No,High,High,54.9
19,0.6,69.6,81.8,Yes,No,Medium,High,65.8
20,9.1,84.9,97.9,Yes,No,High,Medium,91.5
17,1.4,59.7,50.2,Yes,Yes,High,High,67.7
19,5.3,82.1,45.5,Yes,Yes,Low,Medium,77.5
20,4.1,63.0,75.3,Yes,Yes,Medium,Medium,75.0
16,3.5,94.3,13.2,Yes,Yes,Low,High,97.4
17,9.0,94.8,54.7,Yes,Yes,High,Low,92.5
22,0.2,64.9,54.6,Yes,Yes,Low,High,83.9
19,6.6,61.5,8.9,No,Yes,Low,Low,61.0
21,9.6,70.6,41.8,Yes,Yes,Medium,High,100.0
15,5.6,62.0,85.3,Yes,Yes,Medium,Medium,75.8
16,9.4,83.6,85.6,Yes,No,High,Medium,83.8
16,0.5,91.3,9.9,Yes,Yes,High,Medium,54.9
22,4.2,83.7,9.1,Yes,No,Medium,Medium,69.7
20,2.6,91.2,26.3,Yes,Yes,Low,Medium,85.7
16,7.3,69.8,87.5,Yes,No,Medium,Medium,80.1
17,9.8,57.8,12.9,Yes,No,Medium,Low,72.7
19,2.6,86.9,72.0,Yes,No,Medium,Low,70.1
19,6.5,68.0,10.1,Yes,No,Medium,Low,50.8
21,2.0,83.6,62.3,Yes,Yes,Medium,Medium,79.7
22,5.7,63.5,35.6,Yes,No,Medium,High,76.3
15,4.6,54.1,78.9,Yes,No,Medium,High,79.3
20,9.7,99.6,23.4,Yes,No,Medium,Medium,89.2
15,6.1,57.8,63.9,Yes,No,High,Medium,68.5
16,3.5,99.4,23.6,Yes,Yes,Medium,High,84.0
22,1.1,98.9,71.4,Yes,No,Low,Medium,79.0
21,1.5,89.7,87.4,No,Yes,High,Medium,53.1
15,2.3,83.0,12.7,Yes,Yes,Medium,Medium,69.9
17,2.5,78.9,86.7,No,Yes,Low,Low,60.9
19,8.5,93.3,59.4,No,No,Medium,Low,84.7
16,5.6,64.5,12.7,Yes,Yes,Medium,Low,68.5
21,5.2,73.4,42.8,Yes,Yes,High,Medium,73.9
15,1.1,81.0,16.1,Yes,Yes,Medium,Low,52.8
20,8.6,70.6,70.0,Yes,No,Medium,Low,76.8
17,7.2,71.4,75.9,Yes,No,Low,Medium,92.7
17,0.7,66.5,10.6,Yes,Yes,Medium,Low,48.7
15,7.1,78.2,50.6,Yes,Yes,High,Low,72.0
19,5.4,92.5,81.5,No,No,High,High,69.8
15,0.8,60.1,93.6,Yes,No,Low,Low,59.7
16,4.6,96.7,51.4,Yes,No,Low,Medium,77.3
15,4.8,84.5,95.0,Yes,Yes,Medium,Medium,82.3
17,1.7,91.2,53.6,No,No,Medium,Medium,63.8
21,9.5,77.8,39.4,Yes,Yes,Medium,Medium,93.5
15,8.5,89.0,84.8,Yes,Yes,Medium,Medium,100.0
19,6.7,50.8,49.3,Yes,Yes,Medium,High,80.0
22,4.6,90.9,47.2,Yes,Yes,High,Medium,84.9
21,4.1,52.0,49.0,Yes,No,Medium,High,66.2
20,6.5,94.5,84.7,Yes,Yes,Low,Medium,91.9
18,5.5,99.6,83.2,Yes,Yes,Medium,High,100.0
15,0.6,64.7,40.4,Yes,Yes,High,High,61.5
19,5.1,60.5,33.3,Yes,Yes,Medium,High,69.8
21,8.1,88.3,49.2,No,Yes,Medium,Medium,87.6
19,4.6,62.7,57.3,Yes,Yes,Medium,Medium,68.1
20,0.5,93.3,23.8,No,Yes,High,High,61.1
17,7.9,55.1,79.4,Yes,No,Medium,High,90.7
19,2.0,56.3,48.6,Yes,No,Medium,High,61.0
21,2.6,99.0,33.4,Yes,No,High,Medium,60.4
19,1.6,83.7,10.7,Yes,Yes,High,High,64.1
19,3.3,92.3,23.9,Yes,No,Medium,Medium,78.9
19,7.6,66.2,94.9,Yes,No,Medium,Medium,85.3
16,5.2,83.8,30.5,Yes,No,Medium,Low,71.2
16,2.0,79.7,16.9,Yes,No,Low,Medium,60.1
17,8.8,80.2,46.1,Yes,Yes,High,High,86.0
15,8.8,84.1,30.7,Yes,No,Medium,Low,78.9
19,8.7,78.8,3.5,Yes,Yes,High,Medium,65.7
20,2.4,71.5,32.3,Yes,Yes,Low,Medium,84.2
15,4.5,63.8,54.4,Yes,Yes,Medium,Low,63.4
20,9.8,88.4,55.2,Yes,Yes,Low,Medium,88.2
15,7.7,61.3,35.7,Yes,No,Medium,Medium,61.1
17,0.3,84.6,44.7,Yes,Yes,Medium,Low,62.1
19,0.7,61.7,96.6,Yes,Yes,Medium,High,66.4
19,4.6,81.3,37.7,Yes,No,Low,High,99.9
18,9.1,87.4,25.8,Yes,Yes,Low,Medium,87.4
20,5.4,60.9,24.3,Yes,Yes,Low,Low,69.9
15,5.0,53.0,45.8,Yes,No,Low,Medium,61.9
15,1.1,56.5,76.0,No,No,Medium,High,64.7
22,6.6,80.3,20.6,Yes,Yes,Medium,Medium,87.8
22,8.2,92.5,70.9,Yes,No,Medium,Low,91.7
16,3.8,52.2,2.1,No,Yes,Medium,Medium,45.7
18,7.8,86.7,41.9,No,Yes,Low,High,92.0
21,9.6,67.1,77.6,Yes,Yes,Low,Medium,85.5
22,2.0,73.9,33.9,Yes,Yes,Low,Medium,63.3
21,5.2,96.4,56.4,No,No,High,High,68.3
16,2.9,66.6,20.5,Yes,No,Medium,Medium,53.7
16,7.9,73.3,74.2,No,Yes,Low,High,85.4
16,5.8,50.7,5.2,Yes,Yes,Low,Medium,63.8
20,6.3,54.1,85.3,Yes,No,High,High,58.3
20,8.0,62.9,19.8,Yes,Yes,Medium,Medium,77.2
17,4.0,51.4,87.4,Yes,Yes,Medium,High,73.9
17,9.2,81.6,35.3,Yes,No,Medium,Medium,93.7
16,5.3,71.3,72.3,No,No,Low,High,84.0
18,1.6,77.4,31.9,Yes,No,High,Medium,46.4
15,7.0,58.7,90.6,Yes,Yes,Medium,Medium,74.2
20,7.9,64.8,12.7,Yes,No,Medium,High,79.4
18,3.2,83.2,17.9,Yes,Yes,High,Medium,61.2
19,8.6,98.3,49.3,Yes,Yes,Medium,Medium,100.0
20,9.1,52.5,8.2,Yes,Yes,Low,Medium,82.8
20,2.8,94.5,19.6,Yes,Yes,Medium,High,89.6
17,9.8,78.8,94.4,Yes,Yes,Low,Low,95.6
15,1.4,78.2,97.6,Yes,Yes,Low,High,96.6
15,2.0,75.0,37.6,Yes,Yes,Medium,Medium,72.8
22,1.8,53.5,92.3,No,No,Low,Low,45.4
21,8.9,54.5,54.5,Yes,Yes,High,Medium,77.6
21,6.5,80.0,27.0,Yes,Yes,High,Medium,77.9
21,1.5,67.0,70.2,Yes,Yes,Low,Medium,78.1
21,4.4,95.9,65.9,Yes,Yes,Medium,Medium,82.8
19,6.2,70.3,98.9,Yes,No,High,Low,73.7
19,0.8,57.2,26.5,Yes,Yes,Medium,High,61.3
20,8.8,85.7,67.2,Yes,No,Medium,Low,98.2
16,8.0,64.7,5.2,Yes,Yes,Medium,Medium,79.1
17,5.1,76.3,11.4,Yes,Yes,Medium,Medium,64.9
17,9.7,84.9,0.4,Yes,No,Medium,Medium,97.7
21,4.2,95.0,99.9,Yes,No,High,Medium,88.4
20,9.8,89.6,80.2,Yes,Yes,Medium,Medium,100.0
22,6.7,83.8,78.7,Yes,No,High,High,75.3
18,6.3,84.0,51.0,Yes,Yes,Low,Medium,100.0
16,1.7,97.3,30.0,No,No,High,Low,41.3
20,8.8,64.8,15.1,No,No,Medium,Medium,64.8
16,4.3,50.1,28.5,Yes,No,Medium,Medium,52.9
16,1.6,63.6,37.6,Yes,No,Medium,Low,43.6
16,0.1,60.9,75.6,Yes,Yes,Low,Medium,67.0
20,5.6,83.1,54.0,No,No,Low,Medium,69.5
21,5.3,81.7,7.7,Yes,Yes,Low,Medium,74.7
17,7.2,79.7,1.8,Yes,Yes,Low,High,95.9
17,8.9,50.8,10.2,Yes,Yes,Medium,Medium,72.4
21,0.8,86.4,41.0,Yes,Yes,Medium,Medium,58.1
16,7.3,66.2,93.3,No,No,Medium,Low,76.2
18,1.9,83.3,63.7,Yes,Yes,Low,Medium,68.1
15,8.6,77.8,80.2,Yes,Yes,High,Medium,81.8
20,8.2,67.1,46.6,Yes,Yes,Medium,Medium,92.5
15,5.4,56.7,36.2,Yes,Yes,High,High,69.0
22,7.1,54.7,10.8,Yes,No,Medium,Medium,70.3
21,3.1,91.6,87.6,Yes,Yes,Low,Medium,97.0
18,4.7,95.9,78.3,No,No,Medium,Medium,67.0
20,8.2,82.5,16.8,Yes,No,Medium,Medium,83.1
21,4.6,55.2,51.2,Yes,No,Low,Medium,79.1
16,3.6,70.1,48.7,No,Yes,Low,Medium,63.9
17,4.9,86.4,62.5,Yes,No,Low,Low,90.4
15,8.3,89.0,94.6,Yes,Yes,Low,Low,100.0
19,3.4,55.9,58.0,Yes,No,Medium,Medium,59.1
19,1.7,50.0,54.0,Yes,Yes,Medium,High,65.6
18,7.1,85.6,5.0,Yes,Yes,Low,Medium,87.4
16,8.3,67.8,6.3,No,Yes,Medium,Low,54.2
22,1.0,62.7,18.7,Yes,No,Medium,High,60.2
15,2.4,50.6,3.2,Yes,Yes,Low,High,65.4
16,1.4,77.0,74.3,Yes,Yes,Low,High,81.2
15,3.5,92.6,72.3,Yes,Yes,Low,Medium,94.9
18,4.5,97.9,13.6,Yes,No,Medium,High,91.0
18,7.5,78.3,83.6,Yes,No,Low,Low,81.5
22,6.5,75.7,15.5,No,Yes,Medium,Low,66.4
19,6.2,54.3,30.1,Yes,No,Medium,Low,59.9
16,3.5,77.4,24.9,Yes,Yes,Medium,High,72.0
20,8.4,69.0,37.2,Yes,Yes,Low,Low,89.5
19,4.7,80.4,25.5,Yes,No,Medium,Medium,71.2
16,9.8,69.4,48.9,Yes,Yes,Medium,Medium,85.0
19,6.3,62.0,40.7,Yes,Yes,High,Medium,72.1
20,1.3,54.7,98.7,Yes,Yes,Medium,High,60.3
17,6.8,65.7,5.6,Yes,Yes,Medium,Low,75.1
17,3.3,54.8,14.2,Yes,Yes,Medium,Medium,48.8
22,6.9,58.8,5.3,Yes,Yes,Medium,High,80.3
17,0.7,99.4,62.6,Yes,Yes,High,Low,72.7
17,1.7,72.2,5.5,Yes,Yes,Low,Medium,75.0
21,8.6,76.6,83.6,Yes,Yes,High,High,82.1
15,2.3,93.7,51.2,Yes,Yes,Medium,High,95.0
21,8.4,99.8,52.7,Yes,Yes,Medium,High,100.0
21,2.8,79.1,56.2,Yes,No,Low,Medium,66.3
22,6.4,90.6,17.1,Yes,Yes,Medium,Medium,79.5
21,6.9,66.3,19.8,Yes,No,Medium,Low,69.0
17,5.1,65.3,31.9,Yes,No,Low,Medium,62.8
20,3.1,70.1,59.3,Yes,No,Low,Low,71.6
22,2.1,83.6,21.0,Yes,Yes,High,Medium,53.6
22,0.3,84.1,11.6,Yes,Yes,Medium,High,69.5
18,3.0,65.8,97.0,No,Yes,Medium,Medium,66.7
22,6.5,56.7,2.2,Yes,No,Low,Medium,72.1
18,9.4,81.6,80.3,Yes,Yes,Medium,Medium,96.1
22,8.7,56.4,78.8,Yes,No,Medium,Medium,79.2
15,7.7,78.9,29.7,No,No,Medium,High,86.1
17,7.9,84.7,13.6,Yes,Yes,Medium,Medium,81.6
22,6.6,85.0,14.6,Yes,Yes,Medium,Medium,73.0
17,2.6,87.7,69.7,No,No,Medium,Medium,52.8
17,9.1,93.6,64.3,Yes,Yes,Low,Low,95.3
19,6.7,75.0,78.3,Yes,Yes,High,Medium,82.6
22,5.6,86.5,93.7,Yes,No,Medium,High,87.2
16,1.1,81.0,69.2,Yes,Yes,Medium,Low,64.4
19,4.5,59.3,15.6,Yes,No,Medium,Low,49.4
16,4.6,51.3,24.3,Yes,No,High,Low,55.8
17,8.6,64.2,84.2,Yes,No,Low,High,100.0
17,5.5,72.2,20.9,Yes,Yes,Low,High,81.8
19,3.8,80.9,7.3,Yes,Yes,Medium,Medium,69.8
19,9.8,92.5,70.3,Yes,Yes,Medium,Medium,100.0
16,1.1,59.8,40.3,Yes,Yes,Medium,High,69.3
18,4.2,56.3,92.0,No,Yes,Low,High,68.9
16,0.4,98.2,65.0,Yes,Yes,Medium,High,87.9
19,7.4,55.4,9.0,Yes,Yes,Low,High,81.9
20,9.2,73.9,94.8,Yes,Yes,Low,Medium,88.2
19,2.8,79.3,25.9,Yes,No,High,Medium,64.3
20,8.6,77.1,33.7,Yes,Yes,Medium,High,95.7
15,2.9,54.3,40.2,Yes,Yes,Medium,High,75.5
19,9.1,52.9,5.1,Yes,No,Low,Low,76.2
15,7.5,55.3,49.7,Yes,No,Medium,Low,76.5
18,8.0,79.3,12.3,Yes,Yes,Medium,High,78.7
16,0.2,77.2,40.1,Yes,Yes,High,Medium,58.4
20,9.6,61.7,35.1,Yes,Yes,High,High,84.9
16,7.3,81.9,77.3,Yes,No,Medium,Medium,83.1
15,3.0,91.0,80.3,Yes,No,Medium,Low,68.1
20,8.3,52.1,15.3,Yes,No,Medium,Low,72.7
16,2.8,74.9,36.7,Yes,Yes,Medium,Low,53.6
19,8.7,84.5,37.3,Yes,Yes,Low,Medium,81.7
17,1.1,62.6,15.1,Yes,Yes,Medium,Medium,66.0
15,7.0,65.4,79.8,No,No,Low,High,95.9
16,5.4,80.7,70.7,Yes,No,Low,High,100.0
15,1.0,94.9,19.0,Yes,No,Low,Medium,75.0
21,2.4,90.5,36.7,No,Yes,Medium,Medium,59.0
15,0.1,79.2,10.6,Yes,Yes,Medium,Medium,68.0
20,4.7,86.5,62.8,Yes,Yes,Medium,Medium,90.1
21,3.0,68.2,12.1,Yes,No,Medium,Medium,63.1
22,6.0,82.0,98.6,Yes,No,Low,Low,99.9
20,3.0,73.3,78.1,Yes,Yes,Medium,Low,60.1
17,3.0,59.5,39.0,Yes,Yes,Low,Low,65.7
21,7.4,85.1,57.9,Yes,Yes,Medium,Low,78.9
22,0.5,77.8,91.1,Yes,Yes,High,High,57.1
19,9.0,67.9,55.4,Yes,No,Low,Medium,93.4
15,8.5,95.6,17.4,Yes,Yes,Low,High,96.8
16,6.7,51.0,37.9,Yes,No,Medium,High,85.4
18,5.9,65.8,84.3,Yes,Yes,High,High,85.5
15,8.9,52.8,64.4,Yes,No,Medium,High,79.7
22,1.9,88.3,65.1,Yes,Yes,High,Medium,68.2
15,0.8,85.1,86.7,Yes,No,Medium,Medium,74.1
17,2.4,66.6,89.4,Yes,Yes,High,Low,68.8
19,7.9,83.8,92.0,Yes,Yes,Low,High,100.0
18,0.3,69.8,9.5,Yes,Yes,Low,High,71.2
21,5.8,87.8,54.4,Yes,Yes,High,High,76.0
21,10.0,72.7,74.1,Yes,Yes,High,Medium,87.1
21,8.6,70.6,75.7,Yes,Yes,Low,High,99.4
22,5.2,96.7,60.7,Yes,No,Low,Low,92.7
20,0.6,62.5,16.7,Yes,Yes,Low,Low,64.6
20,8.3,56.0,79.7,Yes,No,Low,High,97.6
16,6.0,79.2,72.0,No,No,Low,Medium,72.5
18,1.1,98.5,8.6,Yes,Yes,High,High,69.9
21,0.9,68.9,46.4,No,No,Medium,Low,46.4
20,9.1,53.1,17.4,No,Yes,Medium,High,83.3
22,6.7,67.0,33.7,Yes,Yes,Medium,Medium,81.4
16,8.3,75.3,1.8,Yes,Yes,Medium,High,87.6
19,8.8,58.1,40.0,Yes,No,Medium,High,90.2
16,5.7,82.9,55.0,No,Yes,Medium,High,81.7
20,5.2,99.9,62.0,Yes,Yes,Medium,Medium,82.6
17,4.3,72.6,66.3,No,Yes,Medium,High,76.3
22,3.2,67.7,83.6,Yes,No,Medium,Low,63.6
17,4.3,70.0,21.5,Yes,Yes,High,Low,55.7
21,7.7,55.8,12.0,Yes,No,High,Medium,61.3
17,6.0,94.2,85.2,Yes,No,Medium,High,100.0
21,8.9,70.7,15.7,Yes,No,Medium,Medium,73.4
21,4.4,69.4,97.5,Yes,No,Low,High,93.1
20,6.1,83.0,84.3,Yes,No,Medium,High,81.3
17,6.3,72.1,50.1,Yes,Yes,Medium,Medium,80.7
21,5.9,82.4,98.1,Yes,Yes,Low,High,100.0
18,7.0,53.1,9.7,Yes,Yes,Medium,Low,57.8
19,2.4,90.7,30.3,Yes,Yes,Medium,High,84.2
16,5.1,97.0,63.8,Yes,Yes,Low,Medium,100.0
16,1.0,82.4,35.0,Yes,Yes,High,Medium,68.6
20,3.8,97.7,92.8,Yes,Yes,Low,Medium,100.0
17,4.9,57.6,6.6,Yes,No,High,Low,44.1
17,6.5,73.9,54.9,Yes,Yes,Medium,Medium,79.9
21,9.5,80.1,59.1,Yes,No,Medium,Low,90.4
22,6.0,79.1,65.3,Yes,Yes,Medium,Medium,69.2
15,7.4,70.1,25.6,Yes,No,Medium,Low,74.1
21,5.1,66.9,36.5,Yes,No,Medium,Medium,65.0
19,6.3,56.3,84.4,Yes,Yes,Medium,High,78.1
18,0.7,69.6,19.5,Yes,Yes,Medium,Medium,50.2
16,2.5,58.1,82.7,Yes,Yes,Medium,High,60.7
21,3.6,86.7,56.3,No,Yes,High,Medium,55.9
15,4.7,60.4,76.2,No,No,Low,Medium,75.8
15,0.5,52.9,71.4,Yes,No,Medium,Medium,58.1
21,1.4,77.6,20.8,Yes,Yes,Low,Medium,85.4
20,2.8,79.8,56.9,Yes,Yes,Medium,Medium,78.6
16,9.7,93.6,86.8,Yes,Yes,Medium,Low,100.0
20,3.3,78.8,43.2,Yes,Yes,Low,High,75.5
18,4.8,67.3,96.7,Yes,No,Low,High,100.0
15,2.0,90.2,45.2,Yes,Yes,Low,Medium,67.7
15,6.1,77.0,14.3,No,Yes,Medium,High,78.2
19,2.8,54.0,38.9,Yes,Yes,Medium,Low,62.1
18,2.1,78.3,95.2,Yes,Yes,High,Medium,56.4
15,5.2,95.4,32.0,Yes,No,Medium,Low,83.7
18,0.1,69.8,86.8,Yes,Yes,Low,High,75.1
16,0.1,64.8,88.1,Yes,No,High,High,54.8
17,2.2,57.2,35.0,Yes,No,Medium,High,64.8
15,0.4,57.6,8.3,Yes,Yes,Medium,Low,39.8
19,1.1,71.6,72.5,Yes,Yes,Low,Medium,83.9
16,3.4,79.8,31.2,Yes,No,Medium,High,59.3
21,8.0,54.0,78.3,Yes,No,High,Low,73.3
18,5.7,97.0,44.3,Yes,No,Medium,Medium,84.7
21,5.1,87.8,48.5,Yes,Yes,Medium,Low,65.0
20,2.9,79.3,77.8,Yes,No,Medium,Low,76.3
16,9.3,91.4,38.2,Yes,Yes,High,Medium,92.4
21,4.0,54.0,44.3,Yes,No,Low,Medium,72.7
22,0.9,73.8,37.6,Yes,No,Medium,Low,53.3
22,6.2,81.5,36.7,Yes,Yes,High,Low,65.5
15,1.1,91.4,52.6,Yes,No,Low,Medium,82.0
18,3.5,89.2,80.9,Yes,Yes,Medium,Medium,93.0
17,5.1,63.9,36.2,Yes,No,Medium,Medium,72.3
16,8.7,97.0,52.4,Yes,Yes,Medium,Medium,86.1
15,4.9,56.2,67.1,Yes,No,Medium,Medium,78.0
19,7.0,93.8,26.9,Yes,Yes,Medium,Medium,88.2
20,9.9,98.5,27.8,Yes,No,Medium,High,97.9
18,1.3,58.9,93.3,Yes,Yes,Low,High,89.0
16,2.7,86.1,72.4,No,Yes,Medium,Low,63.1
22,3.9,52.0,57.7,Yes,Yes,Low,Low,68.6
16,4.2,70.3,64.8,No,No,Low,High,69.2
17,4.1,75.8,2.9,Yes,Yes,High,Low,51.0
22,9.1,79.0,61.8,Yes,Yes,Medium,Low,89.0
17,7.1,96.8,51.0,Yes,Yes,High,Low,77.2
19,6.1,83.6,54.6,Yes,No,Low,Medium,88.5
20,3.1,74.1,35.9,Yes,Yes,Medium,Medium,64.5
19,8.2,90.5,8.1,Yes,Yes,Low,High,100.0
15,9.6,97.5,19.3,Yes,Yes,Medium,High,97.8
15,8.2,51.1,95.1,Yes,Yes,Medium,Medium,75.3
19,0.0,99.1,40.9,No,Yes,Low,Medium,79.5
20,6.4,54.3,46.7,No,Yes,High,Medium,43.7
19,0.5,90.7,5.3,Yes,No,Low,Low,66.6
20,2.6,64.0,3.8,Yes,No,Medium,Low,37.5
20,0.6,56.6,71.7,Yes,Yes,High,Low,57.6
21,6.0,72.0,53.8,Yes,Yes,High,Low,56.4
22,6.9,82.2,50.9,Yes,No,High,Medium,73.2
18,1.1,69.0,24.3,Yes,Yes,Medium,Medium,44.7
20,3.8,52.7,74.5,Yes,No,Low,High,65.0
17,4.6,80.0,16.8,No,Yes,Low,Medium,81.7
20,3.7,95.1,19.0,Yes,Yes,Medium,High,91.0
20,1.2,69.2,46.1,Yes,Yes,Medium,Medium,57.8
20,4.2,60.8,28.6,Yes,No,Low,Medium,66.5
21,7.5,72.1,24.7,Yes,Yes,Medium,Medium,79.7
22,0.7,52.4,64.5,Yes,Yes,Medium,Low,44.8
21,0.8,91.0,65.1,Yes,Yes,Medium,Low,72.7
15,3.5,91.3,82.5,Yes,No,Medium,High,97.0
21,9.4,79.4,41.8,No,No,Medium,High,81.8
17,6.7,67.7,7.3,Yes,Yes,High,Low,75.9
17,6.8,90.0,27.4,Yes,Yes,Low,Low,79.1
21,3.6,77.7,98.0,Yes,No,Medium,Medium,78.3
22,5.9,91.3,59.6,Yes,Yes,Low,Low,91.5
19,0.1,81.6,71.0,Yes,Yes,Low,Medium,72.0
18,6.4,89.2,0.7,Yes,Yes,Medium,Low,77.7
22,9.1,79.9,51.8,Yes,No,High,Medium,85.5
21,6.1,70.7,3.8,No,Yes,Low,Medium,66.7
20,8.7,97.9,56.9,Yes,No,Medium,Medium,98.0
16,7.2,77.1,92.1,Yes,Yes,Medium,Low,86.8
18,1.2,80.3,96.8,Yes,Yes,Low,Medium,74.3
18,9.0,61.0,54.1,Yes,No,High,High,70.4
17,0.7,81.3,45.8,Yes,Yes,Medium,Medium,67.0
18,5.3,78.6,94.5,Yes,Yes,Low,High,99.3
21,1.4,59.2,67.4,Yes,No,Medium,High,81.2
20,0.1,53.0,6.5,Yes,No,Medium,High,54.0
20,4.2,80.2,46.6,Yes,No,Medium,High,96.1
15,3.0,88.2,24.0,Yes,No,Medium,Medium,77.6
20,4.9,76.2,47.0,Yes,No,Low,High,92.0
22,5.8,61.3,45.5,Yes,Yes,Medium,Low,60.0
20,0.4,83.3,58.2,Yes,Yes,Low,Medium,64.8
17,1.2,54.0,35.7,Yes,No,High,High,55.8
20,5.6,72.1,16.4,Yes,Yes,Medium,High,77.5
15,3.4,58.2,50.4,Yes,No,Low,High,64.4
16,7.3,59.2,83.0,Yes,No,High,High,62.6
21,6.5,60.1,66.4,Yes,Yes,Low,High,94.9
17,8.5,69.3,33.8,Yes,No,Medium,High,87.8
22,6.9,52.6,93.6,Yes,Yes,Medium,High,90.5
16,4.3,69.9,91.2,Yes,Yes,Low,Medium,87.6
17,6.7,75.6,20.9,Yes,No,High,High,78.0
19,2.8,74.2,3.9,Yes,Yes,Medium,High,73.9
18,3.1,69.1,74.1,Yes,Yes,Low,High,77.3
19,7.9,92.0,82.8,Yes,Yes,Medium,Medium,89.2
20,4.5,57.3,96.8,Yes,No,Medium,Medium,78.7
16,8.0,75.3,89.0,Yes,No,High,Low,66.0
20,8.2,53.1,60.1,Yes,No,Medium,High,100.0
18,8.6,53.6,53.0,Yes,No,Medium,Medium,76.4
17,9.2,78.7,2.8,Yes,Yes,Medium,Medium,86.2
18,4.3,78.3,24.7,No,No,Medium,Low,56.2
15,3.2,93.9,46.0,Yes,No,Medium,High,89.9
18,5.8,77.9,62.9,Yes,Yes,Low,High,88.4
15,3.7,98.0,55.7,No,Yes,Medium,High,85.4
18,6.0,52.4,74.3,Yes,No,Medium,Medium,64.4
21,7.1,54.9,28.0,Yes,No,High,Medium,69.9
15,6.9,52.2,56.5,Yes,No,Low,Medium,85.9
16,3.7,59.3,8.8,Yes,No,Medium,Low,61.7
20,1.7,77.1,41.4,Yes,Yes,High,High,64.8
22,4.3,82.3,75.0,No,No,Medium,Low,60.1
20,1.4,52.3,69.3,Yes,Yes,High,Medium,45.2
19,8.9,97.3,99.1,Yes,Yes,High,Medium,96.8
20,3.5,92.1,27.8,Yes,No,Medium,Medium,89.6
17,1.5,64.8,49.8,Yes,Yes,Medium,High,79.7
21,0.3,53.9,33.0,Yes,No,Low,Low,57.0
18,6.5,58.5,44.1,No,Yes,Medium,High,69.5
19,6.4,56.3,85.7,No,Yes,Low,Low,86.5
17,3.4,56.2,68.4,Yes,Yes,Medium,Low,64.3
17,0.7,75.9,88.2,No,Yes,Medium,Medium,55.8
15,4.1,62.3,20.4,Yes,Yes,Medium,Low,50.6
20,3.1,67.9,87.3,Yes,Yes,Low,High,77.0
16,6.8,99.5,6.0,Yes,No,High,Medium,76.6
22,6.1,84.2,88.9,Yes,Yes,Low,Low,85.0
16,3.6,97.4,32.9,Yes,Yes,Low,Low,75.4
19,2.2,57.1,31.5,Yes,Yes,Low,Medium,76.5
21,9.9,69.1,51.2,Yes,No,High,High,97.1
16,4.5,77.7,94.1,Yes,Yes,High,Medium,78.3
18,6.9,53.8,4.8,Yes,No,Medium,Medium,57.0
16,1.4,50.2,35.2,No,No,High,High,54.5
19,4.9,83.5,85.7,Yes,Yes,Low,Medium,99.3
22,0.3,82.1,39.6,Yes,Yes,High,Medium,75.0
16,5.1,70.5,19.9,Yes,No,Low,Medium,65.1
18,9.6,74.5,42.5,Yes,No,Low,Medium,91.2
15,3.8,70.8,38.6,Yes,No,Low,High,74.8
21,0.4,51.2,91.5,Yes,Yes,Medium,Medium,57.8
19,0.3,66.8,76.2,Yes,Yes,Medium,High,71.0
15,3.9,58.9,50.5,Yes,Yes,Medium,Low,51.5
15,1.6,54.9,98.8,Yes,Yes,High,High,74.3
15,0.2,97.8,46.5,Yes,Yes,Medium,Medium,72.4
17,7.6,80.0,5.8,Yes,No,Low,Medium,82.2
21,4.6,86.4,26.2,Yes,Yes,Medium,Low,63.2
22,2.9,65.8,43.6,Yes,No,Medium,Medium,67.0
20,9.0,69.7,15.7,Yes,No,High,High,78.8
21,1.2,61.8,94.8,Yes,Yes,Medium,High,75.4
17,9.6,54.8,76.7,No,No,Medium,Low,71.5
20,3.1,59.0,26.8,Yes,Yes,Low,Medium,67.6
21,8.9,89.9,59.1,Yes,No,Medium,Low,90.4
15,6.0,83.9,72.1,Yes,Yes,High,High,89.2
19,8.3,77.3,94.1,Yes,Yes,Low,High,100.0
20,9.8,73.8,88.2,Yes,No,High,Low,80.7
18,2.9,96.1,51.5,No,Yes,Medium,High,83.9
18,9.6,53.6,77.5,No,No,Low,High,81.6
16,3.9,64.0,56.2,Yes,Yes,High,Medium,68.8
20,3.9,67.5,55.3,Yes,Yes,Medium,High,85.8
19,3.4,89.1,11.5,Yes,Yes,Medium,Medium,61.7
22,5.4,99.6,12.6,Yes,Yes,Low,Medium,90.9
17,1.5,62.0,53.0,Yes,Yes,Low,Medium,86.8
15,5.5,93.7,26.9,Yes,No,High,Medium,74.9
16,5.4,91.5,2.1,Yes,No,Medium,Medium,83.1
18,7.6,61.2,72.3,Yes,No,High,Low,69.2
17,8.3,70.0,3.2,Yes,No,Low,High,85.7
17,4.4,70.5,59.5,Yes,Yes,Low,Medium,76.1
15,3.0,98.9,53.9,Yes,No,Low,Medium,84.3
22,2.6,59.0,96.9,Yes,Yes,Medium,High,91.8
22,1.9,90.0,48.4,No,No,High,Medium,55.5
20,0.6,66.7,6.4,Yes,Yes,Medium,Medium,55.5
18,3.4,86.5,55.2,Yes,No,Medium,High,68.5
22,2.7,71.0,84.1,Yes,No,High,High,64.2
19,9.7,78.9,99.7,Yes,No,Medium,Low,91.1
22,5.6,91.6,43.0,Yes,No,Low,Medium,85.7
17,3.5,90.2,32.0,Yes,No,High,High,78.6
15,5.8,93.3,90.7,No,No,Medium,Medium,73.8
19,1.4,53.0,19.1,Yes,Yes,Low,Medium,57.3
20,4.4,84.6,61.5,Yes,Yes,Low,Low,85.1
18,6.3,57.0,40.6,Yes,Yes,Medium,Low,60.3
20,4.9,70.8,4.1,No,Yes,Medium,High,64.9
17,4.0,77.4,34.7,Yes,Yes,Low,High,91.1
19,9.9,70.1,26.5,No,Yes,Low,High,83.4
19,8.8,76.0,68.6,No,Yes,Medium,High,90.8
19,6.2,99.8,94.9,Yes,No,High,Medium,90.3
17,5.7,56.8,26.8,Yes,No,Medium,Low,62.3
17,6.2,83.8,81.1,No,Yes,Low,High,97.1
20,2.0,69.8,5.5,Yes,Yes,Low,Medium,72.9
16,4.0,56.7,53.8,Yes,Yes,Low,Medium,72.2
20,0.4,57.9,7.1,Yes,Yes,Low,High,75.5
18,4.8,97.5,93.4,Yes,No,Medium,Medium,92.1
15,5.4,94.0,76.6,Yes,Yes,Medium,Medium,95.6
19,2.3,95.4,65.8,Yes,Yes,Medium,High,90.7
16,9.6,99.6,82.4,Yes,No,Medium,High,100.0
15,9.1,60.4,64.8,Yes,No,Low,Low,74.3
16,7.2,67.8,96.9,Yes,Yes,Medium,High,92.9
22,5.3,83.5,71.4,No,No,Medium,Medium,68.0
22,8.7,74.2,92.5,Yes,Yes,Medium,Medium,100.0
21,1.3,70.9,51.7,Yes,Yes,Low,High,77.8
22,7.9,67.9,11.7,Yes,Yes,Medium,High,87.5
20,1.2,79.7,52.8,Yes,Yes,Low,Medium,58.4
22,7.9,78.8,12.7,No,Yes,Low,Medium,73.1
17,2.8,58.1,59.2,Yes,Yes,High,Low,54.4
19,8.8,73.6,48.2,Yes,No,High,Medium,68.8
20,9.4,77.7,62.3,No,No,Low,Low,86.9
15,1.5,78.5,1.0,No,Yes,Low,Medium,38.0
21,4.6,60.5,19.5,Yes,Yes,Medium,Low,49.2
21,9.8,87.1,49.1,Yes,No,Low,Medium,100.0
21,4.8,51.3,95.1,Yes,Yes,Medium,Low,69.9
15,8.6,67.7,38.4,Yes,No,Low,High,76.8
15,5.9,89.0,42.4,Yes,No,Low,Medium,98.6
15,3.8,78.2,71.5,Yes,Yes,Medium,Medium,69.0
15,2.9,63.1,60.4,Yes,Yes,High,High,82.6
21,2.0,84.7,29.9,Yes,Yes,Low,High,84.1
21,7.6,78.4,41.1,Yes,Yes,Medium,Medium,85.4
16,3.9,89.8,21.8,No,Yes,Low,Low,54.5
20,5.1,86.8,96.6,Yes,No,Low,High,99.2
19,4.9,80.5,13.1,No,Yes,High,Medium,46.6
22,5.8,74.4,37.2,No,Yes,Medium,High,85.5
22,8.7,56.7,2.6,Yes,Yes,Medium,Medium,73.5
17,9.8,63.1,22.2,Yes,Yes,Medium,Medium,80.7
21,4.1,71.0,78.0,Yes,Yes,High,Medium,73.2
17,8.3,80.0,20.1,Yes,Yes,High,High,62.5
20,7.6,75.7,8.0,Yes,Yes,Low,High,93.1
20,5.7,64.4,47.4,Yes,No,Low,Low,64.7
17,9.6,50.3,1.0,No,Yes,Medium,Medium,62.8
21,2.0,74.8,8.5,Yes,No,Medium,Low,64.5
17,1.1,64.3,80.8,Yes,Yes,High,Medium,54.7
22,8.5,86.7,77.1,Yes,Yes,Medium,High,100.0
16,4.4,51.2,91.5,Yes,Yes,High,Medium,74.4
22,8.5,79.2,85.5,No,No,Low,High,95.0
18,8.9,97.1,68.3,Yes,Yes,High,Medium,90.2
21,0.6,58.7,5.2,Yes,Yes,Medium,High,53.2
21,8.8,73.6,78.3,Yes,Yes,High,High,95.1
19,4.5,54.6,84.6,Yes,Yes,Low,Low,68.3
15,5.1,81.3,79.9,Yes,Yes,Medium,Medium,91.4
18,6.3,77.5,50.8,Yes,No,Medium,Medium,70.8
20,9.3,70.4,23.3,Yes,Yes,Medium,Low,72.4
21,0.2,76.1,84.5,No,No,Medium,Medium,55.5
17,4.8,94.8,72.7,No,Yes,High,Medium,69.8
18,6.9,59.8,98.1,Yes,No,Medium,High,92.8
19,7.2,51.1,15.6,Yes,No,Medium,Medium,71.3
20,6.9,93.1,22.6,Yes,Yes,Low,High,93.1
15,1.3,78.9,21.2,Yes,No,High,High,60.0
15,3.0,94.5,79.3,Yes,No,Medium,High,73.9
19,3.6,79.8,18.7,Yes,Yes,Medium,Medium,58.1
19,8.0,90.5,6.7,Yes,Yes,Low,Medium,87.8
17,2.8,71.5,99.9,Yes,No,Medium,Medium,67.7
21,2.1,87.5,2.5,Yes,Yes,Low,Medium,72.5
15,9.6,95.7,83.5,Yes,Yes,Low,Medium,100.0
20,0.1,78.6,36.5,Yes,No,Medium,High,78.2
18,10.0,59.0,84.2,Yes,Yes,Low,Medium,93.1
20,6.8,63.4,55.5,No,No,Low,Medium,58.9
16,8.3,59.9,90.2,Yes,No,Medium,High,86.5
16,2.9,62.3,92.6,Yes,No,Low,Low,53.2
19,0.1,65.3,0.9,Yes,Yes,Medium,Medium,44.8
17,7.4,77.8,7.5,Yes,Yes,Low,High,88.0
16,8.3,79.4,25.0,Yes,Yes,Medium,Low,67.2
15,7.4,71.3,66.9,Yes,Yes,Medium,Medium,79.5
20,1.4,80.8,88.8,No,Yes,Medium,Medium,59.1
20,7.5,54.1,46.0,Yes,Yes,Low,High,81.1
19,7.7,54.4,60.7,No,Yes,Low,Medium,77.1
21,6.6,58.6,18.8,Yes,Yes,Low,Medium,78.3
21,7.7,75.9,80.5,Yes,No,Medium,Medium,68.4
18,8.5,60.7,96.7,Yes,No,High,Low,65.9
19,6.1,64.2,26.9,Yes,No,Low,Medium,73.3
22,0.9,70.0,49.5,Yes,No,Low,Medium,69.3
18,4.9,90.6,8.6,Yes,Yes,Low,Medium,80.4
22,0.8,50.7,55.9,Yes,No,Medium,Medium,57.3
21,4.1,82.5,50.3,Yes,No,Medium,Medium,78.9
19,4.1,83.4,14.4,Yes,Yes,Medium,Medium,70.9
22,0.7,89.9,44.2,Yes,Yes,High,Medium,69.8
19,3.5,96.6,33.4,No,Yes,Medium,Medium,70.1
19,1.1,51.0,52.2,Yes,Yes,Low,Low,62.3
21,8.1,57.7,58.6,Yes,Yes,Low,High,100.0
18,9.5,94.3,0.8,Yes,Yes,Medium,High,94.1
18,0.7,72.9,76.1,Yes,No,Medium,Medium,68.3
19,9.6,78.2,71.3,Yes,Yes,Medium,Medium,98.9
16,5.2,83.2,36.6,Yes,Yes,Medium,Medium,86.1
17,3.0,84.0,5.3,Yes,No,Medium,Medium,66.1
21,0.8,96.6,75.5,Yes,Yes,High,Medium,70.8
17,5.0,99.8,95.5,Yes,No,Medium,Low,86.2
17,7.9,86.0,24.0,Yes,Yes,Medium,High,89.6
18,7.1,64.4,32.4,No,No,Low,Low,74.2
18,0.5,94.0,18.4,Yes,Yes,Medium,Medium,66.9
16,0.7,52.5,57.7,No,Yes,High,High,47.7
17,4.0,61.6,15.5,Yes,Yes,Medium,Medium,80.9
17,3.0,94.9,35.6,Yes,No,Medium,Low,73.5
19,2.3,62.8,69.7,No,No,Medium,High,70.0
18,2.8,61.0,56.0,No,Yes,Low,High,57.1
17,8.0,56.9,38.6,Yes,No,Medium,High,81.9
20,9.3,93.0,42.0,Yes,Yes,Low,Medium,84.6
16,4.1,75.0,56.2,Yes,No,High,Low,61.9
22,9.1,83.7,0.6,Yes,No,High,High,75.8
20,3.2,62.0,7.9,Yes,Yes,Low,Medium,70.6
20,4.8,87.9,88.1,Yes,Yes,Low,High,99.1
22,2.3,88.0,7.8,No,No,Medium,Medium,58.1
21,6.4,65.6,70.7,Yes,No,Medium,Medium,71.8
21,9.8,70.5,92.0,Yes,No,Low,High,100.0
16,6.0,60.5,27.1,Yes,No,Medium,Medium,69.3
20,3.6,98.8,37.0,Yes,Yes,Medium,Low,64.4
17,6.5,82.3,56.9,Yes,No,Low,Medium,93.9
18,1.2,96.7,88.2,Yes,Yes,High,Medium,67.8
16,8.9,65.2,94.2,Yes,No,High,Low,71.7
19,5.0,89.1,74.0,No,Yes,Medium,Medium,88.5
22,4.5,88.3,8.7,Yes,Yes,High,Medium,66.2
20,5.9,84.6,66.9,Yes,Yes,Low,High,100.0
16,6.2,98.3,41.0,Yes,Yes,Low,Medium,97.5
15,0.7,69.7,47.1,No,Yes,Low,High,62.7
15,6.8,56.5,4.9,Yes,No,Medium,Low,63.0
21,2.4,83.6,19.1,Yes,No,High,Medium,50.9
22,7.1,86.5,79.1,Yes,Yes,Medium,Low,95.7
18,8.2,78.8,45.4,Yes,No,High,High,74.7
17,8.0,60.3,30.2,Yes,No,Medium,High,80.1
18,5.5,75.2,38.4,Yes,Yes,Medium,High,91.8
18,5.2,65.6,85.4,No,Yes,Medium,Medium,57.7
18,1.4,71.4,74.9,Yes,No,Low,Medium,71.7
22,7.8,82.3,27.2,Yes,No,Low,High,89.6
18,2.7,87.3,11.8,Yes,Yes,Medium,High,86.1
19,5.0,61.6,25.2,Yes,No,Medium,High,68.1
22,2.8,70.3,92.1,Yes,Yes,Medium,Medium,75.6
19,1.3,63.5,58.2,Yes,Yes,Medium,High,69.3
22,6.3,59.9,53.3,Yes,Yes,Low,Low,78.6
21,0.5,89.2,59.6,Yes,Yes,Medium,Medium,64.0
16,7.5,95.5,36.6,No,No,Medium,Low,73.9
15,3.2,68.5,80.7,Yes,No,Medium,Medium,78.7
18,0.0,87.6,52.3,Yes,Yes,High,High,69.8
21,5.1,94.8,11.7,Yes,Yes,Medium,High,95.3
16,0.5,92.3,12.9,Yes,No,Medium,High,73.7
15,2.8,59.1,53.7,Yes,No,High,Medium,50.0
20,7.1,97.8,93.7,Yes,No,High,Medium,73.8
17,0.6,68.8,30.8,No,No,High,High,58.3
19,8.4,67.0,87.0,Yes,Yes,Low,Medium,84.1
20,0.0,53.1,76.4,No,No,Low,High,60.0
22,2.5,74.3,24.8,No,Yes,Low,Medium,60.1
15,7.4,55.5,3.6,Yes,Yes,Low,Medium,72.0
20,3.2,62.4,10.2,Yes,Yes,High,Medium,66.9
17,1.0,65.8,72.8,No,Yes,Medium,High,60.8
21,3.6,90.4,20.0,No,No,Low,Medium,71.3
15,2.7,93.8,37.1,Yes,No,Low,Medium,83.8
20,8.4,65.1,50.2,Yes,Yes,Low,High,100.0
19,3.1,92.9,72.5,Yes,Yes,Medium,Medium,96.1
19,7.9,92.9,11.3,No,Yes,Medium,High,86.5
16,8.9,88.2,40.6,Yes,Yes,High,Medium,83.6
20,4.3,57.3,48.5,Yes,No,High,Medium,55.6
18,9.1,84.5,54.1,Yes,No,Low,High,100.0
20,3.8,97.3,81.8,Yes,No,Medium,Medium,87.0
21,9.6,84.1,17.2,Yes,No,Low,Medium,100.0
15,0.9,66.6,80.8,Yes,No,Medium,Medium,54.4
15,6.9,75.0,69.3,No,Yes,High,Medium,58.3
21,4.9,82.3,55.6,Yes,Yes,Medium,Medium,73.7
20,3.9,75.5,70.0,Yes,Yes,Medium,Low,74.3
21,6.3,56.0,41.2,Yes,Yes,Medium,High,69.3
17,7.0,65.6,13.8,Yes,No,Low,High,81.6
22,0.0,90.1,66.6,Yes,Yes,Low,Low,75.0
21,1.7,93.1,52.5,Yes,Yes,Medium,Medium,75.8
19,7.1,56.9,63.9,Yes,Yes,Medium,Medium,75.7
21,6.7,97.6,33.8,Yes,No,Low,Low,89.0
15,9.7,66.4,90.7,Yes,Yes,Medium,Medium,95.5
19,7.6,83.1,58.7,Yes,No,High,Medium,81.6
15,9.5,87.6,8.5,Yes,No,Medium,Medium,88.2
16,7.0,90.6,45.0,Yes,Yes,Medium,Medium,94.5
18,3.0,97.3,75.6,Yes,Yes,Medium,Medium,87.8
15,1.1,65.6,79.4,Yes,No,Medium,High,78.2
19,7.8,92.9,49.5,Yes,Yes,Medium,High,100.0
16,6.4,56.6,89.5,Yes,No,High,Medium,64.6
15,0.5,85.3,26.8,Yes,Yes,Medium,High,82.3
17,3.6,87.1,41.1,Yes,Yes,Medium,Medium,65.6
21,9.6,83.9,89.9,Yes,No,Low,High,100.0
18,5.0,62.6,89.6,Yes,No,Low,Medium,90.5
15,4.3,93.7,68.6,Yes,No,Medium,High,74.1
16,4.6,58.4,85.9,Yes,No,High,Medium,71.2
17,2.1,52.7,8.9,Yes,No,Medium,Medium,54.4
20,3.7,85.9,86.5,Yes,No,Low,Medium,78.8
16,3.7,73.8,32.1,Yes,No,Low,Medium,74.6
21,0.5,92.5,17.8,Yes,Yes,Medium,Medium,71.2
16,7.7,69.2,23.9,Yes,Yes,Low,Medium,88.4
17,4.2,58.4,41.8,Yes,No,Low,High,73.7
16,8.2,91.8,25.1,Yes,Yes,Medium,Medium,93.9
17,8.5,77.4,32.1,Yes,Yes,Low,Medium,91.1
15,2.1,59.5,13.5,Yes,Yes,Medium,Medium,60.1
22,6.6,86.0,29.6,No,Yes,Medium,High,86.4
17,4.7,75.6,57.2,Yes,Yes,Low,High,89.6
17,8.8,80.2,44.2,Yes,Yes,Medium,High,100.0
18,2.2,73.0,34.7,Yes,No,Medium,Medium,71.3
17,6.8,91.4,74.6,Yes,Yes,Medium,Medium,92.1
17,6.1,91.5,89.4,Yes,Yes,Medium,Low,85.2
20,3.0,85.5,75.7,Yes,Yes,Medium,Medium,92.1
22,1.4,55.3,33.2,Yes,Yes,High,Low,43.0
15,6.5,91.9,74.4,Yes,Yes,Medium,Medium,86.9
21,7.4,83.6,15.2,Yes,No,Medium,Medium,79.0
18,3.2,84.9,13.0,Yes,Yes,Low,Medium,70.9
20,6.4,68.1,34.6,No,No,Low,Medium,60.3
19,4.0,94.0,80.8,Yes,Yes,Low,High,100.0
22,7.1,86.3,24.6,Yes,Yes,Medium,Low,85.2
15,2.0,55.6,6.3,Yes,Yes,Low,High,65.4
15,8.9,70.4,13.2,Yes,Yes,Medium,Low,79.4
19,2.9,94.3,85.9,Yes,No,Medium,Low,88.1
21,3.7,52.4,63.4,Yes,No,Low,Low,74.6
17,0.6,98.1,25.3,Yes,No,Medium,High,83.2
20,1.1,84.0,55.5,Yes,Yes,Medium,Medium,74.8
16,5.2,81.6,52.8,Yes,Yes,Low,High,94.2
18,2.7,63.5,65.5,Yes,Yes,Medium,Medium,67.5
16,8.4,62.4,23.3,Yes,No,Medium,Low,81.0
19,0.1,97.1,86.4,Yes,Yes,Medium,High,80.2
15,3.8,64.9,30.9,Yes,No,Low,Low,72.4
21,3.4,88.8,69.4,Yes,Yes,Medium,High,86.8
15,0.2,69.7,1.6,Yes,Yes,High,Low,47.8
18,1.2,57.0,37.3,Yes,Yes,Medium,Medium,50.7
15,4.1,50.5,35.2,Yes,Yes,Low,High,81.1
15,4.9,77.2,54.3,Yes,No,Medium,High,88.4
18,4.0,98.8,7.3,Yes,Yes,Medium,Medium,73.5
20,5.3,68.5,79.0,Yes,No,Medium,High,94.8
20,6.0,67.9,21.8,Yes,Yes,Medium,Low,65.4
18,0.1,67.2,67.7,Yes,No,Medium,High,83.8
21,4.6,76.0,80.3,Yes,Yes,High,Medium,68.1
19,9.6,72.0,56.2,Yes,No,Medium,Low,73.1
22,5.2,94.0,74.1,Yes,No,Medium,Medium,78.6
15,6.8,75.3,66.2,No,No,Low,Low,73.0
21,3.1,75.4,35.6,Yes,Yes,High,Medium,62.6
15,7.7,56.9,80.9,Yes,No,High,Medium,63.9
22,7.7,99.1,29.5,Yes,Yes,Low,Medium,100.0
19,5.2,62.5,57.1,No,Yes,Medium,High,74.7
20,9.8,53.7,74.5,Yes,Yes,Low,Low,79.7
21,1.3,83.2,37.9,Yes,Yes,Medium,Medium,74.3
17,0.2,79.8,30.3,Yes,No,Medium,Medium,65.9
17,7.7,70.8,45.9,Yes,Yes,Low,High,95.4
22,8.1,71.1,81.8,Yes,Yes,High,Medium,86.8
17,1.2,89.3,93.0,Yes,No,Low,Medium,97.1
20,2.7,59.8,54.5,Yes,Yes,Medium,Medium,67.1
22,0.2,91.0,66.1,Yes,No,Medium,Medium,73.3
20,2.9,82.4,90.3,Yes,Yes,Medium,Low,80.0
19,7.7,70.9,9.9,Yes,Yes,Low,Medium,70.8
15,5.2,72.9,23.2,Yes,Yes,Low,Low,74.3
19,3.5,62.8,70.9,Yes,No,Medium,Medium,64.9
19,3.7,87.6,82.4,Yes,No,Medium,Medium,84.4
20,0.0,75.6,85.7,No,No,Low,Medium,47.0
22,3.0,66.0,41.5,Yes,Yes,Low,Low,59.7
22,6.5,79.8,8.9,Yes,Yes,Low,High,82.0
17,9.7,99.8,43.8,Yes,Yes,Medium,High,100.0
16,8.5,71.8,23.1,No,Yes,Medium,Low,60.3
15,0.2,96.0,29.1,Yes,Yes,Low,Medium,83.8
20,9.0,67.3,77.2,Yes,No,Medium,Medium,88.1
17,7.8,52.7,7.6,Yes,Yes,Low,Low,74.3
21,7.8,60.2,82.8,Yes,Yes,High,Medium,81.5
16,4.6,70.9,42.8,Yes,No,High,Medium,66.5
16,4.0,61.0,59.6,No,No,Medium,High,68.6
20,3.0,50.0,9.0,Yes,Yes,High,High,54.4
18,0.7,95.8,33.7,Yes,Yes,High,Medium,49.3
15,2.3,92.2,9.0,Yes,Yes,High,Medium,66.1
16,2.5,87.1,96.2,Yes,Yes,Medium,High,84.9
20,4.8,58.4,80.7,Yes,No,Medium,High,75.1
20,7.5,56.0,46.0,Yes,Yes,Low,High,77.3
17,4.7,53.4,22.4,Yes,No,Medium,Low,60.0
21,0.6,86.2,93.3,Yes,No,Medium,Low,62.2
18,9.6,96.4,34.5,Yes,No,Low,Medium,98.0
15,9.4,71.5,16.1,Yes,Yes,Low,Medium,76.6
22,7.9,56.0,56.3,No,Yes,Medium,Low,63.6
19,9.9,75.6,94.4,Yes,No,Low,Low,91.7
21,5.4,67.4,0.4,Yes,Yes,Medium,High,65.9
21,9.6,68.7,23.8,Yes,Yes,High,High,87.4
17,0.8,81.1,93.8,Yes,Yes,Medium,Medium,79.9
22,3.7,85.9,17.1,Yes,Yes,Medium,High,77.2
16,2.3,55.5,11.3,Yes,No,Medium,Medium,51.1
16,2.0,51.8,57.0,Yes,Yes,Medium,High,58.4
17,1.4,99.7,86.2,Yes,Yes,Low,Medium,68.9
20,6.2,61.6,47.7,Yes,Yes,High,Low,47.6
16,7.8,52.7,99.5,Yes,Yes,Low,Medium,86.5
18,5.8,59.5,67.9,Yes,No,Low,Medium,73.8
15,1.5,51.9,7.4,Yes,No,Medium,Medium,53.7
21,8.1,69.6,99.3,Yes,Yes,Low,Low,91.2
21,6.4,90.1,40.8,Yes,Yes,Medium,High,100.0
18,3.9,67.1,28.7,Yes,Yes,Low,Medium,76.5
22,6.7,72.2,55.8,Yes,No,Low,Low,90.0
16,2.6,83.8,30.4,Yes,Yes,Low,Medium,69.0
21,3.5,75.4,8.6,Yes,No,Low,Medium,65.3
19,9.2,93.1,0.1,No,Yes,Medium,Medium,80.3
22,2.9,93.3,45.0,No,No,High,High,62.3
15,4.7,50.5,83.7,Yes,Yes,Medium,Medium,65.8
15,8.9,88.9,57.2,Yes,No,High,Medium,91.5
21,7.1,73.0,99.9,Yes,Yes,Low,High,100.0
17,0.6,99.4,28.7,Yes,No,Medium,Low,73.8
22,1.5,74.2,28.0,Yes,Yes,Low,Medium,72.3
21,0.1,99.3,16.0,Yes,Yes,Medium,High,82.0
17,6.3,87.7,16.4,Yes,No,Medium,Low,72.8
21,4.5,62.4,28.5,No,Yes,Medium,Medium,57.6
19,1.3,76.9,79.3,Yes,No,Medium,High,72.3
22,9.6,99.6,90.6,Yes,No,Medium,Medium,100.0
20,5.3,92.9,97.5,Yes,Yes,Medium,Medium,85.8
15,2.4,54.9,23.2,Yes,Yes,High,High,68.2
21,5.0,85.3,88.1,Yes,Yes,Low,Low,94.7
19,6.8,67.3,32.8,Yes,Yes,Medium,Low,77.2
17,0.8,50.3,11.3,Yes,Yes,Medium,High,52.5
17,2.7,70.2,87.0,Yes,No,Medium,High,82.3
15,8.1,61.7,63.6,Yes,Yes,Low,Medium,93.5
18,4.6,90.9,16.5,Yes,Yes,Medium,Medium,76.6
21,5.5,66.9,43.0,No,Yes,Medium,High,68.9
22,4.3,91.4,28.7,Yes,Yes,Medium,High,81.6
16,0.4,50.0,73.7,No,Yes,Low,Medium,64.1
17,1.7,65.4,45.3,Yes,No,High,Low,62.6
22,4.5,62.1,98.9,Yes,No,Medium,Medium,81.4
22,2.1,61.7,5.5,Yes,Yes,Medium,High,74.7
20,0.5,53.4,35.5,Yes,No,Medium,High,68.9
22,8.4,59.4,48.2,No,Yes,High,High,84.4
22,9.8,77.8,50.3,Yes,No,Low,High,93.3
20,7.9,64.6,31.6,Yes,No,Low,Medium,79.3
17,8.5,70.9,72.9,Yes,No,Medium,Medium,76.7
22,2.4,68.8,87.5,Yes,Yes,Medium,High,74.1
18,9.6,93.8,93.9,Yes,Yes,Low,High,100.0
18,2.0,95.3,80.5,Yes,Yes,High,Medium,71.7
19,9.5,74.6,85.1,Yes,No,Medium,Low,99.5
20,9.9,66.5,55.1,Yes,Yes,Medium,High,93.1
19,7.1,55.3,82.6,No,No,Low,Medium,76.7
20,9.8,97.7,30.4,Yes,Yes,Low,Medium,100.0
21,5.7,53.0,39.8,Yes,No,Medium,Medium,57.1
21,2.6,64.9,31.7,Yes,Yes,High,Medium,48.9
22,4.4,64.9,46.7,Yes,Yes,Medium,Medium,92.1
16,5.9,66.0,28.6,Yes,Yes,High,High,74.6
21,0.7,58.2,96.2,Yes,Yes,High,Medium,65.2
16,6.2,89.2,31.3,Yes,Yes,Medium,Low,85.3
21,9.8,56.1,9.8,Yes,No,Medium,Medium,58.7
15,1.9,81.7,52.7,Yes,Yes,Medium,High,93.8
21,7.9,56.2,5.7,Yes,Yes,Medium,High,76.5
19,9.1,53.5,11.1,Yes,No,Low,High,91.1
17,9.4,95.5,21.9,Yes,Yes,Medium,High,92.4
22,9.6,59.5,46.4,No,No,Low,Low,58.5
19,5.2,91.1,43.3,Yes,No,High,Low,73.3
17,9.8,77.2,80.0,Yes,Yes,High,Medium,75.9
18,7.6,53.9,73.9,Yes,Yes,Low,Medium,80.9
19,1.6,97.8,42.6,Yes,Yes,Medium,High,88.1
18,4.8,62.3,33.4,Yes,No,Medium,Medium,54.6
16,7.2,93.0,31.6,Yes,Yes,Medium,High,92.1
16,2.5,58.4,77.4,Yes,No,Low,Medium,68.8
15,6.4,92.7,5.2,Yes,No,Medium,Medium,68.5
21,6.7,50.7,1.3,Yes,Yes,Low,Medium,72.9
19,1.6,75.6,79.6,Yes,No,Low,Medium,76.4
18,5.7,88.5,47.7,Yes,No,Low,Medium,88.0
17,7.7,96.7,13.1,Yes,Yes,Low,Medium,93.4
16,5.0,95.5,23.6,Yes,No,Medium,Medium,68.2
21,0.1,91.0,93.3,Yes,No,High,Medium,59.3
16,0.1,94.4,86.0,Yes,Yes,Medium,Low,85.0
17,3.6,60.0,71.0,Yes,Yes,Medium,Medium,78.2
21,9.3,64.2,48.2,Yes,Yes,Low,Medium,92.1
21,2.3,64.4,52.0,No,Yes,Medium,Low,52.9
18,6.3,68.9,97.5,Yes,No,Low,Medium,82.2
18,2.2,69.7,96.6,Yes,Yes,Medium,Medium,77.8
19,3.2,77.2,21.5,No,No,High,Medium,41.6
19,8.5,58.0,81.1,Yes,Yes,Low,Low,95.3
20,7.3,84.6,19.7,Yes,Yes,Medium,Medium,92.4
22,1.0,58.4,21.4,Yes,No,Low,Medium,54.0
20,4.3,65.5,67.6,Yes,No,Medium,Medium,70.2
15,0.3,75.2,40.5,Yes,Yes,Low,High,71.5
16,4.8,89.8,93.2,Yes,Yes,Medium,Medium,93.4
19,6.6,87.0,8.9,Yes,Yes,Low,Medium,98.4
18,1.2,82.3,51.2,Yes,Yes,Medium,High,76.1
17,2.9,57.8,91.9,Yes,Yes,Medium,Medium,70.1
18,4.0,77.4,90.4,No,Yes,Medium,High,82.5
16,9.2,54.4,15.7,Yes,No,Medium,Medium,76.4
20,9.9,68.9,36.7,Yes,Yes,High,Medium,91.0
18,0.4,70.7,61.9,Yes,No,Medium,High,58.6
22,7.6,52.0,15.9,No,No,Low,Low,44.4
15,3.7,63.7,96.8,Yes,Yes,Low,Medium,75.7
16,3.9,97.8,91.5,Yes,No,High,Medium,90.5
20,7.5,97.7,16.7,No,Yes,Medium,Medium,84.6
22,9.2,67.6,12.1,Yes,No,Medium,Medium,75.8
17,9.5,52.2,8.5,No,Yes,Low,Medium,77.1
20,5.8,59.0,90.9,Yes,Yes,Medium,High,95.5
21,3.6,69.6,19.4,Yes,No,Low,High,80.0
22,7.9,97.4,41.6,No,Yes,High,Medium,92.2
22,2.5,57.1,44.9,Yes,No,High,High,57.7
15,5.6,88.2,59.9,Yes,No,Low,Medium,83.8
16,3.6,55.4,7.2,Yes,Yes,Medium,Medium,68.3
17,6.6,99.1,22.7,No,Yes,Low,High,80.8
15,2.4,69.1,93.1,Yes,Yes,Medium,High,77.7
20,1.9,88.8,90.8,Yes,No,High,High,86.4
15,9.2,67.1,78.1,Yes,No,Medium,Low,86.7
22,1.0,81.4,1.9,Yes,Yes,Medium,Medium,54.9
16,5.1,59.6,32.7,Yes,Yes,Low,High,79.2
19,2.2,57.3,62.8,Yes,No,High,Medium,48.3
15,0.4,96.9,27.5,Yes,Yes,Medium,Medium,87.7
21,0.4,95.9,91.0,Yes,No,Medium,Medium,81.9
15,1.8,94.4,63.4,Yes,No,Low,High,100.0
20,8.7,81.3,7.2,Yes,No,Medium,Medium,83.7
20,2.8,90.4,90.9,Yes,Yes,High,Medium,85.1
17,9.5,53.5,95.8,No,Yes,Medium,Low,63.1
20,5.8,66.7,7.8,Yes,Yes,Medium,Medium,70.4
18,4.4,65.7,53.2,Yes,Yes,Medium,High,92.3
16,5.8,81.8,30.3,Yes,No,Medium,Low,76.7
16,5.2,67.8,39.3,Yes,Yes,Medium,Medium,86.3
19,7.6,57.4,18.0,Yes,No,Low,Medium,68.5
19,2.8,79.8,57.8,Yes,Yes,Medium,Low,65.4
16,3.5,90.7,95.8,Yes,Yes,Medium,Medium,83.9
21,8.9,69.1,50.3,No,Yes,Medium,Low,69.2
19,9.5,56.6,8.3,Yes,No,High,Medium,68.3
17,8.9,59.8,62.0,Yes,Yes,Medium,Medium,71.8
20,4.2,61.9,34.0,Yes,Yes,Low,High,82.5
16,7.8,65.0,85.6,No,No,High,High,72.8
22,4.8,82.1,43.5,Yes,Yes,Medium,Medium,79.2
19,5.0,80.0,19.3,Yes,Yes,Medium,Low,64.3
16,2.0,84.8,19.1,Yes,Yes,Medium,High,77.3
18,5.9,68.1,76.9,Yes,Yes,Medium,Medium,81.0
15,1.9,91.2,26.6,Yes,No,Low,Low,71.2
20,3.3,60.2,76.7,Yes,Yes,Medium,High,63.3
16,8.6,73.5,20.6,Yes,Yes,High,Medium,81.5
15,2.1,90.0,32.2,Yes,Yes,Medium,Medium,61.7
19,0.7,59.0,46.5,Yes,No,Medium,Medium,54.5
15,0.7,55.5,94.3,Yes,Yes,Low,Medium,70.4
20,9.4,94.2,93.2,Yes,No,Low,High,100.0
16,5.1,67.1,20.7,Yes,Yes,Medium,Medium,71.1
18,4.1,84.2,35.8,Yes,Yes,Medium,Low,70.1
21,8.1,51.3,14.9,Yes,No,High,High,61.9
19,8.4,84.5,51.0,Yes,Yes,Medium,High,78.0
16,3.3,65.8,46.1,Yes,No,Medium,Medium,83.9
20,6.9,52.8,90.1,Yes,Yes,Medium,Medium,70.4
19,7.7,80.5,93.0,No,No,Low,Low,76.9
17,6.5,62.0,38.4,Yes,Yes,High,High,72.6
15,1.5,69.3,49.2,Yes,No,Medium,Low,69.2
21,8.8,54.0,89.6,Yes,Yes,Low,Low,80.5
20,5.4,57.4,80.7,Yes,Yes,Medium,Medium,67.8
17,2.8,64.9,0.4,Yes,Yes,High,Low,56.0
22,4.3,54.5,32.0,Yes,Yes,High,Low,49.1
16,0.4,95.5,42.2,No,Yes,Low,Medium,71.7
18,1.3,50.3,23.0,Yes,Yes,High,Low,47.7
19,7.7,74.2,20.0,No,Yes,Low,Low,73.9
15,0.0,56.2,3.8,Yes,No,Low,Low,49.0
19,4.2,65.4,64.3,Yes,No,High,Medium,57.4
21,5.2,96.3,26.3,Yes,No,High,High,76.0
16,0.5,58.1,5.2,Yes,Yes,Medium,High,63.6
19,9.7,98.3,23.1,Yes,Yes,Medium,Medium,100.0
15,2.3,60.3,80.2,Yes,Yes,High,Medium,54.1
16,3.0,87.1,85.1,Yes,No,Medium,Low,87.5
19,3.0,77.3,48.3,No,Yes,High,Low,55.3
18,2.3,94.2,41.6,Yes,Yes,Medium,Medium,79.5
20,0.0,77.7,97.8,Yes,No,High,Medium,75.1
16,7.3,76.7,20.1,No,Yes,High,High,64.9
20,9.7,59.8,21.5,Yes,No,Low,Medium,64.3
22,2.2,58.3,29.2,Yes,No,High,Medium,50.3
16,6.6,95.8,17.3,Yes,Yes,Medium,Low,69.4
18,7.4,66.4,37.9,Yes,Yes,Medium,High,86.0
20,8.5,68.6,91.1,Yes,Yes,Medium,Medium,87.9
17,4.2,88.0,61.5,Yes,No,Low,High,80.0
15,3.0,66.9,41.2,Yes,Yes,Medium,Medium,66.2
17,3.3,97.6,93.4,Yes,No,High,High,77.6
19,7.1,86.9,4.8,Yes,Yes,Low,High,98.6
18,8.2,79.9,21.0,Yes,Yes,Medium,High,100.0
17,1.8,94.0,56.6,Yes,Yes,High,Medium,74.6
16,3.7,52.5,61.6,Yes,No,Medium,Medium,68.1
19,9.0,62.9,4.0,Yes,Yes,Medium,Medium,71.4
19,8.1,73.3,40.3,Yes,No,Medium,High,81.1
17,9.8,61.3,64.9,Yes,Yes,Medium,Medium,93.3
22,7.5,87.2,69.8,Yes,Yes,Medium,Low,85.6
17,3.9,96.0,63.8,No,No,High,Medium,48.8
22,5.9,71.2,32.1,Yes,No,Medium,Low,67.3
18,6.6,67.1,9.4,Yes,Yes,High,Medium,65.0
15,0.8,98.1,42.7,Yes,Yes,Medium,Medium,77.0
17,5.4,72.2,12.9,Yes,No,Medium,Medium,71.6
21,7.1,74.5,94.8,Yes,Yes,Medium,Low,93.8
22,1.7,67.6,47.5,Yes,Yes,Medium,High,73.0
17,7.8,95.5,31.7,Yes,No,Medium,High,99.3
20,5.8,78.4,76.6,No,Yes,Low,High,86.9
16,9.5,88.1,49.8,Yes,Yes,Low,Medium,100.0
21,0.4,90.6,31.0,Yes,Yes,Low,High,80.8
21,2.7,67.1,81.2,Yes,No,Low,Medium,69.3
22,6.0,71.7,86.7,Yes,No,Medium,Medium,67.4
20,3.0,92.4,67.3,No,Yes,Low,Low,67.2
20,7.1,68.2,4.7,No,Yes,Medium,Medium,66.0
19,7.6,89.7,56.6,Yes,Yes,Low,Low,99.0
22,1.0,97.0,76.3,No,No,Medium,High,65.8
15,5.1,81.2,13.7,Yes,Yes,Medium,Low,61.1
16,5.1,87.1,22.9,No,No,Low,Medium,72.8
18,3.7,90.3,88.2,Yes,Yes,High,Medium,77.5
21,9.3,92.3,2.0,Yes,No,Low,Medium,89.1
18,8.3,69.8,75.3,Yes,Yes,Medium,Medium,83.7
17,7.0,52.6,47.4,Yes,No,High,Low,42.3
17,7.1,70.1,44.7,Yes,Yes,Medium,High,90.8
18,4.6,83.7,0.7,Yes,Yes,Low,Medium,79.4
17,9.2,72.5,81.9,Yes,No,Medium,Medium,99.2
15,6.9,87.4,36.0,Yes,No,Medium,High,91.2
20,7.3,67.8,54.1,Yes,Yes,High,High,70.5
17,8.6,81.7,67.7,No,No,High,High,85.9
19,2.7,59.3,70.3,Yes,Yes,Medium,Medium,63.1
17,8.1,87.5,95.6,No,No,High,Medium,71.0
16,2.0,77.3,53.1,Yes,Yes,Low,Medium,65.9
15,3.5,60.2,40.0,Yes,Yes,Low,High,79.3
16,3.4,64.6,95.4,Yes,Yes,High,High,79.1
16,9.8,87.4,64.2,Yes,Yes,Low,Low,95.1
19,8.6,74.1,29.8,Yes,No,Low,Medium,85.9
15,7.0,60.8,12.6,Yes,Yes,Low,High,79.9
15,7.3,98.4,84.3,Yes,Yes,Medium,Medium,95.9
22,5.6,85.8,36.2,Yes,Yes,Medium,Medium,75.3
15,9.5,97.9,66.0,Yes,No,Medium,Medium,84.4
15,5.0,71.4,47.1,Yes,Yes,Low,Medium,81.5
15,3.8,73.8,19.9,Yes,Yes,Medium,High,77.6
19,1.6,94.9,60.2,Yes,No,High,Medium,71.1
17,7.9,76.3,6.1,Yes,Yes,High,Medium,74.2
22,7.3,85.4,41.3,Yes,No,Medium,Low,64.1
16,3.8,62.6,54.7,Yes,No,High,Low,51.1
15,0.3,72.3,43.6,Yes,Yes,Medium,Medium,55.8
21,8.4,56.2,74.9,Yes,No,Low,Medium,99.3
17,0.1,60.3,82.8,Yes,No,Low,Medium,66.7
17,7.0,50.0,77.1,Yes,Yes,Low,Medium,80.7
16,9.7,52.0,3.9,Yes,Yes,Medium,High,76.4
19,4.4,98.9,19.4,Yes,No,Low,Medium,81.1
18,2.3,62.1,53.7,Yes,Yes,Medium,Medium,65.3
18,7.0,83.2,93.5,Yes,No,Low,High,100.0
17,8.2,92.0,83.5,Yes,Yes,High,Medium,93.8
20,5.5,77.5,84.3,Yes,Yes,Medium,High,99.1
20,9.7,57.7,30.3,Yes,Yes,High,Medium,72.9
16,0.5,86.4,42.9,Yes,Yes,High,High,73.8
18,5.0,80.0,47.1,No,Yes,Low,High,78.5
17,7.2,86.6,15.7,Yes,No,Medium,Medium,72.9
19,8.6,88.5,3.1,Yes,No,Low,High,100.0
18,1.8,98.8,94.7,Yes,No,High,High,83.4
17,8.0,78.7,24.1,Yes,No,Medium,Medium,74.1
17,5.5,67.1,24.0,Yes,No,Low,Medium,72.0
15,4.0,82.4,8.3,Yes,Yes,Low,Medium,75.0
19,1.3,53.4,92.9,Yes,No,Medium,High,72.6
15,8.7,94.9,58.0,Yes,Yes,High,Medium,100.0
16,1.6,56.0,66.7,Yes,No,Medium,Low,52.4
15,3.1,66.4,91.2,No,No,High,Low,56.9
21,2.9,90.8,34.6,Yes,Yes,Medium,Medium,92.4
15,8.7,79.9,62.2,No,Yes,Low,Medium,92.4
